,STT,Hạng mục,Xếp hạng,Username,Tổng điểmhoặc xử lý,Quà tặng,date
0,1,Toán,Nhất,erik09,"8,670",Bộ quà + thẻ 100k,01-2023
1,2,Toán,Nhì,duong612009,"7,860",Bộ quà + thẻ 50k,01-2023
2,3,Toán,Ba,FanManchesterUnited,"6,810",Bộ quà + thẻ 50k,01-2023
3,4,Toán,4,Yau2k9,"6,295",Bộ quà + thẻ 50k,01-2023
4,5,Toán,5,chiminh0,"5,925",Bộ quà + thẻ 50k,01-2023
5,6,Toán,6,ichigobankai,"5,600",Bộ quà + thẻ 50k,01-2023
6,7,Toán,7,DYNAMONSWORLD,"5,555",Bộ quà + thẻ 50k,01-2023
7,8,Toán,8,Phuongfriendly,"5,040",Bộ quà + thẻ 50k,01-2023
8,9,Toán,9,Anne15,"4,810",Bộ quà + thẻ 50k,01-2023
9,10,Toán,10,nguyenchithanh0,"4,540",Bộ quà + thẻ 50k,01-2023
10,11,Toán,11,Xiao18,"4,395",Bộ quà + thẻ 50k,01-2023
11,12,Toán,12,Hinaka,"4,340",Bộ quà + thẻ 50k,01-2023
12,13,Toán,13,Sayhi3,"4,125",Bộ quà + thẻ 50k,01-2023
13,14,Toán,14,congtrinhayp,"4,040",Bộ quà + thẻ 50k,01-2023
14,15,Toán,15,StarBby1123,"3,792",Bộ quà + thẻ 50k,01-2023
15,16,Toán,16,nhuy1382006,"3,700",Bộ quà + thẻ 50k,01-2023
16,17,Toán,17,TungLinh1338,"3,615",Bộ quà + thẻ 50k,01-2023
17,18,Toán,18,lolite8282,"3,339",Bộ quà + thẻ 50k,01-2023
18,19,Toán,19,Lonelysadness,"3,125",Bộ quà + thẻ 50k,01-2023
19,20,Toán,20,SaltSea,"2,760",Bộ quà + thẻ 50k,01-2023
20,21,Toán,21,2k10kaitokid,"2,700",Bộ quà + thẻ 50k,01-2023
21,22,Lý,Nhất,Rain102,"2,210",Bộ quà + thẻ 50k,01-2023
22,23,Lý,Nhì,vvv323,"1,300",Bộ quà + thẻ 50k,01-2023
23,24,Lý,Ba,dotrungminhnhat,"1,165",Bộ quà + thẻ 50k,01-2023
24,25,Lý,4,nguyenngocminhchau97,"1,040",Bộ quà + thẻ 50k,01-2023
25,26,Hóa,Nhất,abcxzy,"6,210",Bộ quà + thẻ 50k,01-2023
26,27,Hóa,Nhì,Hinaka,"4,935",Bộ quà + thẻ 50k,01-2023
27,28,Hóa,Ba,wally2008,"3,480",Bộ quà + thẻ 50k,01-2023
28,29,Hóa,4,Winroz,"3,450",Bộ quà + thẻ 50k,01-2023
29,30,AV,Nhất,haniezz22,"8,095",Bộ quà + thẻ 50k,01-2023
30,31,AV,Nhì,cremebrulee365,"3,710",Bộ quà + thẻ 50k,01-2023
31,32,AV,Ba,HoangMinhng,"3,445",Bộ quà + thẻ 50k,01-2023
32,33,AV,4,nguyennhi2766,"3,325",Bộ quà + thẻ 50k,01-2023
33,34,AV,5,30huongquynh,"2,820",Bộ quà + thẻ 50k,01-2023
34,35,AV,6,ruongojeseoho,"2,615",Bộ quà + thẻ 50k,01-2023
35,36,AV,7,DoTrang2k8,"2,450",Bộ quà + thẻ 50k,01-2023
36,37,AV,8,pvlinhiscute0310,"2,070",Bộ quà + thẻ 50k,01-2023
37,38,AV,9,anhngocha2007,"1,880",Bộ quà + thẻ 50k,01-2023
38,39,AV,10,RicardoTrivelaKa09,"1,815",Bộ quà + thẻ 50k,01-2023
39,40,Văn,Nhất,hungbui52718,"3,760",Bộ quà + thẻ 50k,01-2023
40,41,Văn,Nhì,anhthuminhthu04,"3,520",Bộ quà + thẻ 50k,01-2023
41,42,Văn,Ba,FreedomWriters,"2,555",Bộ quà + thẻ 50k,01-2023
42,43,Văn,4,khoanguyen045,"2,375",Bộ quà + thẻ 50k,01-2023
43,44,Văn,5,hhkmhhjm,"1,789",Bộ quà + thẻ 50k,01-2023
44,45,Sinh,Nhất,chibana,"2,705",Bộ quà + thẻ 50k,01-2023
45,-,Sử,Không ai đoạt giải,,,,01-2023
46,-,Địa,Không ai đoạt giải,,,,01-2023
47,-,GDCD,Không ai đoạt giải,,,,01-2023
48,46,Tin,Nhất,shamsiel,"4,800",Bộ quà + thẻ 50k,01-2023
49,47,Tin,Nhì,hoanganhnguyen09302,"2,230",Bộ quà + thẻ 50k,01-2023
50,48,Tin,Ba,Daoanhviet96,"1,195",Bộ quà + thẻ 50k,01-2023
51,49,Công nghệ,Nhất,holliwood,"1,175",Bộ quà + thẻ 50k,01-2023
52,50,Nhạc họa,Nhất,HangFairy,"2,830",Bộ quà + thẻ 50k,01-2023
53,51,Nhạc họa,Nhì,NaeOvO,"2,780",Bộ quà + thẻ 50k,01-2023
54,52,Nhạc họa,Ba,Uemura03,"2,637",Bộ quà + thẻ 50k,01-2023
55,-,KHTN,Không ai đoạt giải,,,,01-2023
56,-,Sử & Địa,Không ai đoạt giải,,,,01-2023
57,-,Khác,Không ai đoạt giải,,,,01-2023
58,53,BĐHH,Nhất,abcxzy,"6,910",Thẻ 50k + chứng nhận,01-2023
59,54,BĐHH,Nhì,trangnguyen8451,"4,414",Bộ quà + thẻ 50k,01-2023
60,55,BĐHH,Ba,lequangdien201,"2,878",Bộ quà + thẻ 50k,01-2023
61,56,BĐHH,4,Pngann,"2,610",Bộ quà + thẻ 50k,01-2023
62,57,BĐHH,5,Katsuki2007,"2,570",Bộ quà + thẻ 50k,01-2023
63,58,BĐHH,6,TenhYewwBoXitttt,"2,425",Bộ quà + thẻ 50k,01-2023
64,59,BĐHH,7,dinhtrantrunghieu13,"2,100",Bộ quà + thẻ 50k,01-2023
65,60,BĐHH,8,ctd0309,"1,990",Bộ quà + thẻ 50k,01-2023
66,61,BĐHH,9,toanyeuvanh,"1,980",Bộ quà + thẻ 50k,01-2023
67,62,BĐHH,10,nguyenminhkhoi524,"1,830",Bộ quà + thẻ 50k,01-2023
68,63,BĐHH,11,nguyenthuy1810,"1,770",Bộ quà + thẻ 50k,01-2023
69,64,Mod,Nhất,lamngocanh8061,"5,368",Bộ quà + thẻ 100k + chứng nhận,01-2023
70,65,Mod,Nhì,Apple347,"2,023",Bộ quà + thẻ 50k,01-2023
71,66,Mod,Ba,baotienayunpa,"1,958",Bộ quà + thẻ 50k,01-2023
72,67,Mod,4,Iruma0301,"1,943",Bộ quà + thẻ 50k,01-2023
73,68,Mod,5,pentane205,"1,843",Bộ quà + thẻ 50k,01-2023
74,69,Mod,6,brightwarrior,"1,804",Bộ quà + thẻ 50k,01-2023
75,70,Mod,7,shamsiel,"1,737",Bộ quà + thẻ 50k,01-2023
76,71,Mod,8,KhanhHuyen3103,"1,718",Bộ quà + thẻ 50k,01-2023
77,72,Mod,9,andybao2007,"1,652",Bộ quà + thẻ 50k,01-2023
78,73,Mod,10,Phuongfriendly,"1,625",Bộ quà + thẻ 50k,01-2023
79,74,Mod,11,DnggAnn,"1,483",Bộ quà + thẻ 50k,01-2023
80,75,Mod,12,vuongthanhy07,"1,427",Bộ quà + thẻ 50k,01-2023
81,76,Mod,13,anhnguyenngoc823,"1,187",Bộ quà + thẻ 50k,01-2023
82,77,Mod,14,kieuyen826,"1,083",Bộ quà + thẻ 50k,01-2023
0,1,Toán,Nhất,toanyeuvanh,"9,250",Bộ quà + thẻ 100k,05-2023
1,2,Toán,Nhì,hoanganhnguyen09302,"9,222",Bộ quà + thẻ 50k,05-2023
2,3,Toán,Ba,buivuminhhuy,"8,499",Bộ quà + thẻ 50k,05-2023
3,4,Toán,4,KNOIDAU,"8,370",Bộ quà + thẻ 50k,05-2023
4,5,Toán,5,linhchibui1908,"7,070",Bộ quà + thẻ 50k,05-2023
5,6,Toán,6,lolite8282,"5,252",Bộ quà + thẻ 50k,05-2023
6,7,Toán,7,dhzyn1703,"5,000",Bộ quà + thẻ 50k,05-2023
7,8,Toán,8,2k10kaitokid,"4,740",Bộ quà + thẻ 50k,05-2023
8,9,Toán,9,nvn2k8,"4,680",Bộ quà + thẻ 50k,05-2023
9,10,Toán,10,lebinhquan22,"4,512",Bộ quà + thẻ 50k,05-2023
10,11,Toán,11,123456ha,"4,485",Bộ quà + thẻ 50k,05-2023
11,12,Toán,12,FanManchesterUnited,"4,455",Bộ quà + thẻ 50k,05-2023
12,13,Toán,13,Thwantobethebest,"4,370",Bộ quà + thẻ 50k,05-2023
13,14,Toán,14,DYNAMONSWORLD,"4,335",Bộ quà + thẻ 50k,05-2023
14,15,Toán,15,Shouzan,"4,215",Bộ quà + thẻ 50k,05-2023
15,16,Toán,16,Pngann,"4,215",Bộ quà + thẻ 50k,05-2023
16,17,Toán,17,KaitoKid20,"4,125",Bộ quà + thẻ 50k,05-2023
17,18,Toán,18,tienndat85,"4,060",Bộ quà + thẻ 50k,05-2023
18,19,Toán,19,studywithbread10,"3,840",Bộ quà + thẻ 50k,05-2023
19,20,Toán,20,trangnguyen8451,"3,830",Bộ quà + thẻ 50k,05-2023
20,21,Toán,21,Hinaka,"3,470",Bộ quà + thẻ 50k,05-2023
21,22,Lý,Nhất,cremebrulee365,"2,835",Bộ quà + thẻ 50k,05-2023
22,23,Lý,Nhì,nguyenngocminhchau97,"2,470",Bộ quà + thẻ 50k,05-2023
23,24,Lý,Ba,Mozeni,"2,375",Bộ quà + thẻ 50k,05-2023
24,25,Lý,4,Murderphysics,"1,665",Bộ quà + thẻ 50k,05-2023
25,26,Hóa,Nhất,truongminhhung8a1,"7,225",Bộ quà + thẻ 50k,05-2023
26,27,Hóa,Nhì,Anguyen1127,"7,215",Bộ quà + thẻ 50k,05-2023
27,28,Hóa,Ba,Dominic,"6,070",Bộ quà + thẻ 50k,05-2023
28,29,Hóa,4,nguyennam94197,"5,990",Bộ quà + thẻ 50k,05-2023
29,30,AV,Nhất,thaonguyeneakar2903,"13,530",Bộ quà + thẻ 50k,05-2023
30,31,AV,Nhì,huonggiangtong,"12,790",Bộ quà + thẻ 50k,05-2023
31,32,AV,Ba,haniezz22,"7,305",Bộ quà + thẻ 50k,05-2023
32,33,AV,4,anhngocha2007,"4,971",Bộ quà + thẻ 50k,05-2023
33,34,AV,5,nguyennhi2766,"4,500",Bộ quà + thẻ 50k,05-2023
34,35,AV,6,cam_cam,"4,060",Bộ quà + thẻ 50k,05-2023
35,36,AV,7,Victorier,"3,990",Bộ quà + thẻ 50k,05-2023
36,37,AV,8,DuckandKira,"3,985",Bộ quà + thẻ 50k,05-2023
37,38,AV,9,tlumeng247,"3,060",Bộ quà + thẻ 50k,05-2023
38,39,AV,10,Chiefhqt,"2,830",Bộ quà + thẻ 50k,05-2023
39,40,Văn,Nhất,yeong209,"5,240",Bộ quà + thẻ 50k,05-2023
40,41,Văn,Nhì,cobedentutoptop,"5,220",Bộ quà + thẻ 50k,05-2023
41,42,Văn,Ba,tuyetvu2,"3,490",Bộ quà + thẻ 50k,05-2023
42,43,Văn,4,trangnguyen8451,"2,115",Bộ quà + thẻ 50k,05-2023
43,44,Văn,5,hungbui52718,"1,710",Bộ quà + thẻ 50k,05-2023
44,45,Sinh,Nhất,chibana,"1,565",Bộ quà + thẻ 50k,05-2023
45,46,Sử,Nhất,lamtruynguyet,"1,045",Bộ quà + thẻ 50k,05-2023
46,-,Địa,Không ai đoạt giải,,,,05-2023
47,-,GDCD,Không ai đoạt giải,,,,05-2023
48,47,Tin,Nhất,shamsiel,"1,730",Bộ quà + thẻ 50k,05-2023
49,48,Tin,Nhì,hoanganhnguyen09302,"1,540",Bộ quà + thẻ 50k,05-2023
50,49,Tin,Ba,Daoanhviet96,"1,265",Bộ quà + thẻ 50k,05-2023
51,-,Công nghệ,Không ai đoạt giải,,,,05-2023
52,50,Nhạc họa,Nhất,FxBlackink,"3,245",Bộ quà + thẻ 50k,05-2023
53,51,Nhạc họa,Nhì,vuhang42,"2,910",Bộ quà + thẻ 50k,05-2023
54,52,Nhạc họa,Ba,NaeOvO,"2,765",Bộ quà + thẻ 50k,05-2023
55,53,KHTN,Nhất,dieuan2010ibTSD,"1,035",Bộ quà + thẻ 50k,05-2023
56,-,Sử & Địa,Không ai đoạt giải,,,,05-2023
57,-,Khác,Không ai đoạt giải,,,,05-2023
58,54,BĐHH,Nhất,buivuminhhuy,"9,061",Thẻ 50k + chứng nhận,05-2023
59,55,BĐHH,Nhì,KevinInlervin,"2,813",Bộ quà + thẻ 50k,05-2023
60,56,BĐHH,Ba,Emthanhlovethaochi,"2,375",Bộ quà + thẻ 50k,05-2023
61,57,BĐHH,4,chiichii2,"2,305",Bộ quà + thẻ 50k,05-2023
62,58,Mod,Nhất,yagamiakira,"6,334",Bộ quà + thẻ 100k + chứng nhận,05-2023
63,59,Mod,Nhì,vuongthanhy07,"1,800",Bộ quà + thẻ 50k,05-2023
64,60,Mod,Ba,NPC007,"1,695",Bộ quà + thẻ 50k,05-2023
65,61,Mod,4,lamngocanh8061,"1,579",Bộ quà + thẻ 50k,05-2023
66,62,Mod,5,pentane205,"1,545",Bộ quà + thẻ 50k,05-2023
67,63,Mod,6,anhnguyenngoc823,"1,396",Bộ quà + thẻ 50k,05-2023
68,64,Mod,7,Phuongfriendly,"1,354",Bộ quà + thẻ 50k,05-2023
69,65,Mod,8,shamsiel,"1,347",Bộ quà + thẻ 50k,05-2023
70,66,Mod,9,tuandung269,"1,301",Bộ quà + thẻ 50k,05-2023
71,67,Mod,10,buicovenduong,"1,258",Bộ quà + thẻ 50k,05-2023
72,68,Mod,11,Hellotamday,"1,230",Bộ quà + thẻ 50k,05-2023
73,69,Mod,12,andybao2007,"1,175",Bộ quà + thẻ 50k,05-2023
74,70,Mod,13,Daoanhviet96,"1,168",Bộ quà + thẻ 50k,05-2023
75,71,Mod,14,Iruma0301,"1,148",Bộ quà + thẻ 50k,05-2023
76,72,Mod,15,brightwarrior,"1,046",Bộ quà + thẻ 50k,05-2023
77,73,Mod,16,kieuyen826,"1,019",Bộ quà + thẻ 50k,05-2023
78,74,Mod,17,sbpro09,"1,015",Bộ quà + thẻ 50k,05-2023
79,75,Mod,18,LoydCardenis,"1,006",Bộ quà + thẻ 50k,05-2023
0,1,Toán,Nhất,Hinaka,"18,650",Bộ quà + thẻ 100k,10-2022
1,2,Toán,Nhì,trangnguyen8451,"13,865",Bộ quà + thẻ 50k,10-2022
2,3,Toán,Ba,Ilovelearning,"11,413",Bộ quà + thẻ 50k,10-2022
3,4,Toán,4,Zashin,"11,265",Bộ quà + thẻ 50k,10-2022
4,5,Toán,5,WhiteFF,"10,640",Bộ quà + thẻ 50k,10-2022
5,6,Toán,6,duong612009,"9,610",Bộ quà + thẻ 50k,10-2022
6,7,Toán,7,darkdarklmao123,"9,300",Bộ quà + thẻ 50k,10-2022
7,8,Toán,8,DYNAMONSWORLD,"8,080",Bộ quà + thẻ 50k,10-2022
8,9,Toán,9,toanyeuvanh,"7,645",Bộ quà + thẻ 50k,10-2022
9,10,Toán,10,AurielaOvO,"7,445",Bộ quà + thẻ 50k,10-2022
10,11,Toán,11,SadAdam01,"7,110",Bộ quà + thẻ 50k,10-2022
11,12,Toán,12,thanhnhan2302,"7,025",Bộ quà + thẻ 50k,10-2022
12,13,Toán,13,Haruma,"6,810",Bộ quà + thẻ 50k,10-2022
13,14,Toán,14,messibestplayer,"6,775",Bộ quà + thẻ 50k,10-2022
14,15,Toán,15,trinhminhhoang3122011,"6,630",Bộ quà + thẻ 50k,10-2022
15,16,Toán,16,StarBby1123,"6,578",Bộ quà + thẻ 50k,10-2022
16,17,Toán,17,pchi0802,"6,555",Bộ quà + thẻ 50k,10-2022
17,18,Toán,18,Phuongfriendly,"6,265",Bộ quà + thẻ 50k,10-2022
18,19,Toán,19,chienbinhkieuhanh226,"6,260",Bộ quà + thẻ 50k,10-2022
19,20,Toán,20,ichigobankai,"5,980",Bộ quà + thẻ 50k,10-2022
20,21,Toán,21,KaeOvO,"5,140",Bộ quà + thẻ 50k,10-2022
21,22,Lý,Nhất,nguyenngocminhchau97,"5,405",Bộ quà + thẻ 50k,10-2022
22,23,Lý,Nhì,AurielaOvO,"3,270",Bộ quà + thẻ 50k,10-2022
23,24,Lý,Ba,kieuyen826,"1,775",Bộ quà + thẻ 50k,10-2022
24,25,Lý,4,dotrungminhnhat,"1,035",Bộ quà + thẻ 50k,10-2022
25,26,Hóa,Nhất,pentane205,"7,635",Bộ quà + thẻ 50k,10-2022
26,27,Hóa,Nhì,Fiammetta,"6,375",Bộ quà + thẻ 50k,10-2022
27,28,Hóa,Ba,chiminh0,"6,045",Bộ quà + thẻ 50k,10-2022
28,29,Hóa,4,wally2008,"5,605",Bộ quà + thẻ 50k,10-2022
29,30,AV,Nhất,Sonic07,"12,745",Bộ quà + thẻ 50k,10-2022
30,31,AV,Nhì,thaonguyeneakar2903,"7,860",Bộ quà + thẻ 50k,10-2022
31,32,AV,Ba,30huongquynh,"6,025",Bộ quà + thẻ 50k,10-2022
32,33,AV,4,baotienayunpa,"5,675",Bộ quà + thẻ 50k,10-2022
33,34,AV,5,hung703734,"5,520",Bộ quà + thẻ 50k,10-2022
34,35,AV,6,cam_cam,"5,135",Bộ quà + thẻ 50k,10-2022
35,36,AV,7,themoonstarhk,"3,910",Bộ quà + thẻ 50k,10-2022
36,37,AV,8,hodienankhoa,"3,630",Bộ quà + thẻ 50k,10-2022
37,38,AV,9,ZinnNee,"3,601",Bộ quà + thẻ 50k,10-2022
38,39,AV,10,Invisible26,"2,585",Bộ quà + thẻ 50k,10-2022
39,40,Văn,Nhất,FreedomWriters,"10,600",Bộ quà + thẻ 50k,10-2022
40,41,Văn,Nhì,hongphucnguyen,"6,910",Bộ quà + thẻ 50k,10-2022
41,42,Văn,Ba,ipadnghi,"4,015",Bộ quà + thẻ 50k,10-2022
42,43,Văn,4,khoanguyen045,"3,645",Bộ quà + thẻ 50k,10-2022
43,44,Văn,5,anhthuminhthu04,"3,575",Bộ quà + thẻ 50k,10-2022
44,45,Sinh,Nhất,chibana,"11,790",Bộ quà + thẻ 50k,10-2022
45,46,Sử,Nhất,trilecongtri,"1,360",Bộ quà + thẻ 50k,10-2022
46,47,Địa,Nhất,thanhnhan2007,"1,325",Bộ quà + thẻ 50k,10-2022
47,48,GDCD,Nhất,trankhanh3324,"2,110",Bộ quà + thẻ 50k,10-2022
48,49,Tin,Nhất,shamsiel,"2,585",Bộ quà + thẻ 50k,10-2022
49,50,Tin,Nhì,Daoanhviet96,"2,055",Bộ quà + thẻ 50k,10-2022
50,51,Tin,Ba,PeakingBlinder,"1,855",Bộ quà + thẻ 50k,10-2022
51,52,Công nghệ,Nhất,ngocha20102k9,"1,400",Bộ quà + thẻ 50k,10-2022
52,53,Nhạc họa,Nhất,FxBlackink,"3,720",Bộ quà + thẻ 50k,10-2022
53,54,Nhạc họa,Nhì,Trouvaille,"2,035",Bộ quà + thẻ 50k,10-2022
54,55,Nhạc họa,Ba,vudieuhang,"1,955",Bộ quà + thẻ 50k,10-2022
55,56,KHTN,Nhất,QuangHuy925,"1,005",Bộ quà + thẻ 50k,10-2022
56,-,Sử & Địa,Không ai đạt giải,,,,10-2022
57,-,Khác,Không ai đạt giải,,,,10-2022
58,57,BĐHH,Nhất,Hinaka,"19,030",Thẻ 50k + chứng nhận,10-2022
59,58,BĐHH,Nhì,123quanbao,"5,969",Bộ quà + thẻ 50k,10-2022
60,59,BĐHH,Ba,KeKhuKho,"4,450",Bộ quà + thẻ 50k,10-2022
61,60,BĐHH,4,Emthanhlovethaochi,"2,958",Bộ quà + thẻ 50k,10-2022
62,61,BĐHH,5,trangbui116,"2,919",Bộ quà + thẻ 50k,10-2022
63,62,BĐHH,6,khanhle1,"2,044",Bộ quà + thẻ 50k,10-2022
64,63,BĐHH,7,ddt2007,"1,815",Bộ quà + thẻ 50k,10-2022
65,64,BĐHH,8,NaeOvO,"1,719",Bộ quà + thẻ 50k,10-2022
66,65,BĐHH,9,huynhanhduong12,"1,386",Bộ quà + thẻ 50k,10-2022
67,66,BĐHH,10,Mackar,"1,227",Bộ quà + thẻ 50k,10-2022
68,67,BĐHH,11,maingoctranthi,"1,186",Bộ quà + thẻ 50k,10-2022
69,68,Mod,Nhất,lamngocanh8061,"9,063",Bộ quà + thẻ 100k + chứng nhận,10-2022
70,69,Mod,Nhì,andybao2007,"4,223",Bộ quà + thẻ 50k,10-2022
71,70,Mod,Ba,Phuongfriendly,"3,027",Bộ quà + thẻ 50k,10-2022
72,71,Mod,4,Andanh070707,"2,836",Bộ quà + thẻ 50k,10-2022
73,72,Mod,5,DnggAnn,"2,718",Bộ quà + thẻ 50k,10-2022
74,73,Mod,6,Kaitokid208,"2,186",Bộ quà + thẻ 50k,10-2022
75,74,Mod,7,Iruma0301,"1,978",Bộ quà + thẻ 50k,10-2022
76,75,Mod,8,Professionally,"1,916",Bộ quà + thẻ 50k,10-2022
77,76,Mod,9,KhanhHuyen3103,"1,861",Bộ quà + thẻ 50k,10-2022
78,77,Mod,10,tuituy,"1,860",Bộ quà + thẻ 50k,10-2022
79,78,Mod,11,KhanhTram08,"1,812",Bộ quà + thẻ 50k,10-2022
0,1,,,dtkc12110,"19,450",Bộ quà + thẻ 100k,02-2022
1,2,,,Kakaseto,"15,120",Bộ quà + thẻ 50k,02-2022
2,3,,,VanhMc297,"12,639",Bộ quà + thẻ 50k,02-2022
3,4,,,Milocute08,"10,435",Bộ quà + thẻ 50k,02-2022
4,5,,,thaopham76520,"10,015",Bộ quà + thẻ 50k,02-2022
5,6,,,Wan0801,"9,630",Bộ quà + thẻ 50k,02-2022
6,7,,,ndiep4320,"9,137",Bộ quà + thẻ 50k,02-2022
7,8,,,letringh2020,"8,105",Bộ quà + thẻ 50k,02-2022
8,9,,,yewnhanhatthegioi,"7,440",Bộ quà + thẻ 50k,02-2022
9,10,,,anhnguyenff2008,"6,810",Bộ quà + thẻ 50k,02-2022
10,11,,,lknhatminh0322,"6,390",Bộ quà + thẻ 50k,02-2022
11,12,,,pchi0802,"6,390",Bộ quà + thẻ 50k,02-2022
12,13,,,vuatoanhoc,"6,315",Bộ quà + thẻ 50k,02-2022
13,14,,,hoangviet2007,"6,200",Bộ quà + thẻ 50k,02-2022
14,15,,,Lovemath123,"5,695",Bộ quà + thẻ 50k,02-2022
15,16,,,2k9isthebest,"5,170",Bộ quà + thẻ 50k,02-2022
16,17,,,nguyennam500,"4,990",Bộ quà + thẻ 50k,02-2022
17,18,,,BestMaths,"4,740",Bộ quà + thẻ 50k,02-2022
18,19,,,ohnonono,"4,610",Bộ quà + thẻ 50k,02-2022
19,20,,,miku247,"4,560",Bộ quà + thẻ 50k,02-2022
20,21,,,kocogidaunha,"4,025",Bộ quà + thẻ 50k,02-2022
21,22,,,doanduyanh,"6,840",Bộ quà + thẻ 50k,02-2022
22,23,,,nguyenngocminhchau97,"4,770",Bộ quà + thẻ 50k,02-2022
23,24,,,banhmichammam,"3,147",Bộ quà + thẻ 50k,02-2022
24,25,,,pentane205,"18,440",Bộ quà + thẻ 50k,02-2022
25,26,,,hoangminhava,"13,495",Bộ quà + thẻ 50k,02-2022
26,27,,,angnguyen779,"11,085",Bộ quà + thẻ 50k,02-2022
27,28,,,QuangUwU,"7,922",Bộ quà + thẻ 50k,02-2022
28,29,,,ZinnNee,"15,280",Bộ quà + thẻ 50k,02-2022
29,30,,,foxthe4334,"7,880",Bộ quà + thẻ 50k,02-2022
30,31,,,chaeyoung123,"7,414",Bộ quà + thẻ 50k,02-2022
31,32,,,DoTrang2k8,"7,195",Bộ quà + thẻ 50k,02-2022
32,33,,,anhnguyenngoc823,"4,670",Bộ quà + thẻ 50k,02-2022
33,34,,,NguyenNgocVan9a1,"4,510",Bộ quà + thẻ 50k,02-2022
34,35,,,letranquynhtrang,"4,360",Bộ quà + thẻ 50k,02-2022
35,36,,,linhhuongnguyen2006,"4,035",Bộ quà + thẻ 50k,02-2022
36,37,,,nguyenminhbaochau46,"3,830",Bộ quà + thẻ 50k,02-2022
37,38,,,NHa1102,"3,372",Bộ quà + thẻ 50k,02-2022
38,39,,,KhanhhLinhh07,"5,165",Bộ quà + thẻ 50k,02-2022
39,40,,,moduycung,"3,090",Bộ quà + thẻ 50k,02-2022
40,41,,,volevankhanh317,"2,425",Bộ quà + thẻ 50k,02-2022
41,42,,,tranminhduc8902,"1,945",Bộ quà + thẻ 50k,02-2022
42,43,,,TP2979,"1,895",Bộ quà + thẻ 50k,02-2022
43,44,,,tranthituyet0805197,"1,575",Bộ quà + thẻ 50k,02-2022
44,45,,,trilecongtri,"4,240",Bộ quà + thẻ 50k,02-2022
45,46,,,bachachanhleo,"1,615",Bộ quà + thẻ 50k,02-2022
46,-,,,,,,02-2022
47,47,,,yanquinnkhongcoten,"13,365",Bộ quà + thẻ 50k,02-2022
48,48,,,tuongtaylor,"1,880",Bộ quà + thẻ 50k,02-2022
49,49,,,tungduong284,"1,790",Bộ quà + thẻ 50k,02-2022
50,50,,,vaniesnow,"1,645",Bộ quà + thẻ 50k,02-2022
51,51,,,DotothyDaisy,"19,735",Bộ quà + thẻ 50k,02-2022
52,52,,,maianhovo,"6,551",Bộ quà + thẻ 50k,02-2022
53,53,,,ChristianLander,"5,894",Bộ quà + thẻ 50k,02-2022
54,54,,,dtkc12110,"20,640",Thẻ 50k + chứng nhận,02-2022
55,55,,,harryisthebest,"8,668",Bộ quà + thẻ 50k,02-2022
56,56,,,brightwarrior,"7,908",Bộ quà + thẻ 50k,02-2022
57,57,,,khanhzi08,"6,130",Bộ quà + thẻ 50k,02-2022
58,58,,,Merika09,"6,095",Bộ quà + thẻ 50k,02-2022
59,59,,,funeuvu,"6,061",Bộ quà + thẻ 50k,02-2022
60,60,,,Olwen0703,"6,033",Bộ quà + thẻ 50k,02-2022
61,61,,,sbpro09,"4,675",Bộ quà + thẻ 50k,02-2022
62,62,,,nhatkt2007,"3,883",Bộ quà + thẻ 50k,02-2022
63,63,,,buiviet2932006,"3,804",Bộ quà + thẻ 50k,02-2022
64,64,,,Apple347,"3,471",Bộ quà + thẻ 50k,02-2022
65,65,,,lamngocanh8061,"10,715",Bộ quà + thẻ 100k + chứng nhận,02-2022
66,66,,,daichik7,"4,707",Bộ quà + thẻ 50k,02-2022
67,67,,,Iruma0301,"4,280",Bộ quà + thẻ 50k,02-2022
68,68,,,Dorris,"3,972",Bộ quà + thẻ 50k,02-2022
69,69,,,haducanh432007,"3,636",Bộ quà + thẻ 50k,02-2022
70,70,,,armybts1306,"3,114",Bộ quà + thẻ 50k,02-2022
71,71,,,White777,"3,007",Bộ quà + thẻ 50k,02-2022
72,72,,,KhanhHuyen3103,"2,435",Bộ quà + thẻ 50k,02-2022
73,73,,,letranquynhtrang,"2,329",Bộ quà + thẻ 50k,02-2022
74,74,,,caty09,"2,211",Bộ quà + thẻ 50k,02-2022
75,75,,,Congchuahoahong,"2,072",Bộ quà + thẻ 50k,02-2022
76,76,,,thaohiennhuthang07,"2,052",Bộ quà + thẻ 50k,02-2022
77,77,,,nguyenthihongngocngoc,"1,978",Bộ quà + thẻ 50k,02-2022
78,78,,,NPC007,"1,957",Bộ quà + thẻ 50k,02-2022
79,79,,,tuituy,"1,918",Bộ quà + thẻ 50k,02-2022
80,80,,,nganthai404,"1,879",Bộ quà + thẻ 50k,02-2022
0,1,,,Shucutenhiulam,"25,790",Bộ quà + thẻ 100k,07-2022
1,2,,,StarBby1123,"19,562",Bộ quà + thẻ 50k,07-2022
2,3,,,Phuongfriendly,"17,045",Bộ quà + thẻ 50k,07-2022
3,4,,,daichik7,"14,125",Bộ quà + thẻ 50k,07-2022
4,5,,,123quanbao,"11,870",Bộ quà + thẻ 50k,07-2022
5,6,,,khanhly2009,"11,850",Bộ quà + thẻ 50k,07-2022
6,7,,,Phuongchi13,"11,390",Bộ quà + thẻ 50k,07-2022
7,8,,,leduyhien7020,"10,610",Bộ quà + thẻ 50k,07-2022
8,9,,,dtkc12110,"10,425",Bộ quà + thẻ 50k,07-2022
9,10,,,Kaitokid208,"9,525",Bộ quà + thẻ 50k,07-2022
10,11,,,thanvinhkhang1604,"9,320",Bộ quà + thẻ 50k,07-2022
11,12,,,owenly3,"8,975",Bộ quà + thẻ 50k,07-2022
12,13,,,SaltSea,"8,865",Bộ quà + thẻ 50k,07-2022
13,14,,,ProTopTop2k9,"7,780",Bộ quà + thẻ 50k,07-2022
14,15,,,ndiep4320,"6,395",Bộ quà + thẻ 50k,07-2022
15,16,,,haylocactinhyeu,"6,200",Bộ quà + thẻ 50k,07-2022
16,17,,,DreamWasTaken24,"6,155",Bộ quà + thẻ 50k,07-2022
17,18,,,harryisthebest,"6,075",Bộ quà + thẻ 50k,07-2022
18,19,,,Romalssi,"5,830",Bộ quà + thẻ 50k,07-2022
19,20,,,Ren1502,"5,655",Bộ quà + thẻ 50k,07-2022
20,21,,,Yau2k9,"5,505",Bộ quà + thẻ 50k,07-2022
21,22,,,vvv323,"5,490",Bộ quà + thẻ 50k,07-2022
22,23,,,phamhoa338,"4,830",Bộ quà + thẻ 50k,07-2022
23,24,,,ducanh207,"2,550",Bộ quà + thẻ 50k,07-2022
24,25,,,hoanglongk8,"1,670",Bộ quà + thẻ 50k,07-2022
25,26,,,abcxzy,"16,965",Bộ quà + thẻ 50k,07-2022
26,27,,,Dominic,"10,630",Bộ quà + thẻ 50k,07-2022
27,28,,,minhpham09720746924,"6,635",Bộ quà + thẻ 50k,07-2022
28,29,,,Lazuli0908,"5,070",Bộ quà + thẻ 50k,07-2022
29,30,,,cam_cam,"18,195",Bộ quà + thẻ 50k,07-2022
30,31,,,Sonic07,"16,455",Bộ quà + thẻ 50k,07-2022
31,32,,,tiempon999,"11,092",Bộ quà + thẻ 50k,07-2022
32,33,,,30huongquynh,"10,045",Bộ quà + thẻ 50k,07-2022
33,34,,,ZinnNee,"7,500",Bộ quà + thẻ 50k,07-2022
34,35,,,OreoNguyenn,"6,525",Bộ quà + thẻ 50k,07-2022
35,36,,,themoonstarhk,"6,490",Bộ quà + thẻ 50k,07-2022
36,37,,,Anatole779OwO,"6,400",Bộ quà + thẻ 50k,07-2022
37,38,,,khanhzi08,"4,710",Bộ quà + thẻ 50k,07-2022
38,39,,,RicardoTrivelaKa09,"4,160",Bộ quà + thẻ 50k,07-2022
39,40,,,Phuongfriendly,"4,055",Bộ quà + thẻ 50k,07-2022
40,41,,,FreedomWriters,"2,950",Bộ quà + thẻ 50k,07-2022
41,42,,,TP2979,"2,940",Bộ quà + thẻ 50k,07-2022
42,43,,,khanhle1,"2,710",Bộ quà + thẻ 50k,07-2022
43,44,,,Anhyeuemnhatma,"2,550",Bộ quà + thẻ 50k,07-2022
44,45,,,chibana,"5,895",Bộ quà + thẻ 50k,07-2022
45,46,,,trilecongtri,"1,155",Bộ quà + thẻ 50k,07-2022
46,47,,,thanhnhan2007,"2,275",Bộ quà + thẻ 50k,07-2022
47,-,,,,,,07-2022
48,48,,,shamsiel,"4,195",Bộ quà + thẻ 50k,07-2022
49,49,,,PeakingBlinder,"2,434",Bộ quà + thẻ 50k,07-2022
50,50,,,manhquang0306,"1,210",Bộ quà + thẻ 50k,07-2022
51,51,,,vaniesnow,"1,560",Bộ quà + thẻ 50k,07-2022
52,52,,,DotothyDaisy,"8,716",Bộ quà + thẻ 50k,07-2022
53,53,,,Feelings,"6,535",Bộ quà + thẻ 50k,07-2022
54,54,,,EbeCuaHinata,"6,305",Bộ quà + thẻ 50k,07-2022
55,-,,,,,,07-2022
56,-,,,,,,07-2022
57,55,,,Phuongfriendly,"23,252",Thẻ 50k + chứng nhận,07-2022
58,56,,,wally2008,"8,217",Bộ quà + thẻ 50k,07-2022
59,57,,,lequangdien201,"7,840",Bộ quà + thẻ 50k,07-2022
60,58,,,QuangUwU,"7,386",Bộ quà + thẻ 50k,07-2022
61,59,,,hodienankhoa,"6,698",Bộ quà + thẻ 50k,07-2022
62,60,,,SnowLovely08,"6,584",Bộ quà + thẻ 50k,07-2022
63,61,,,HPHG347,"6,082",Bộ quà + thẻ 50k,07-2022
64,62,,,haanx2,"5,943",Bộ quà + thẻ 50k,07-2022
65,63,,,ThaoCuteGirl,"5,526",Bộ quà + thẻ 50k,07-2022
66,64,,,KhangOwO,"5,379",Bộ quà + thẻ 50k,07-2022
67,65,,,TTTskx,"5,269",Bộ quà + thẻ 50k,07-2022
68,66,,,lamngocanh8061,"6,548",Bộ quà + thẻ 100k + chứng nhận,07-2022
69,67,,,anhnguyenngoc823,"4,775",Bộ quà + thẻ 50k,07-2022
70,68,,,KhanhHuyen3103,"2,774",Bộ quà + thẻ 50k,07-2022
71,69,,,Professionally,"2,296",Bộ quà + thẻ 50k,07-2022
72,70,,,brightwarrior,"2,185",Bộ quà + thẻ 50k,07-2022
73,71,,,Iruma0301,"2,144",Bộ quà + thẻ 50k,07-2022
74,72,,,dtkc12110,"2,080",Bộ quà + thẻ 50k,07-2022
75,73,,,kieuyen826,"2,074",Bộ quà + thẻ 50k,07-2022
76,74,,,nguyenthihongngocngoc,"2,049",Bộ quà + thẻ 50k,07-2022
77,75,,,KhanhTram08,"2,039",Bộ quà + thẻ 50k,07-2022
78,76,,,lemona,"1,996",Bộ quà + thẻ 50k,07-2022
79,77,,,ngan77666,"1,992",Bộ quà + thẻ 50k,07-2022
80,78,,,yagamiakira,"1,963",Bộ quà + thẻ 50k,07-2022
0,1,,,Hinaka,"18,990",Bộ quà + thẻ 100k,09-2022
1,2,,,Phuongfriendly,"12,445",Bộ quà + thẻ 50k,09-2022
2,3,,,DYNAMONSWORLD,"11,245",Bộ quà + thẻ 50k,09-2022
3,4,,,123quanbao,"8,490",Bộ quà + thẻ 50k,09-2022
4,5,,,trangnguyen8451,"8,175",Bộ quà + thẻ 50k,09-2022
5,6,,,Andanh070707,"8,100",Bộ quà + thẻ 50k,09-2022
6,7,,,AurielaOvO,"7,465",Bộ quà + thẻ 50k,09-2022
7,8,,,Ativity,"7,070",Bộ quà + thẻ 50k,09-2022
8,9,,,pchi0802,"7,070",Bộ quà + thẻ 50k,09-2022
9,10,,,nguyenthuy1810,"6,925",Bộ quà + thẻ 50k,09-2022
10,11,,,phuongthanh08,"6,120",Bộ quà + thẻ 50k,09-2022
11,12,,,Katsuki2007,"5,662",Bộ quà + thẻ 50k,09-2022
12,13,,,Nguthicogisai,"5,024",Bộ quà + thẻ 50k,09-2022
13,14,,,ntn2303,"4,525",Bộ quà + thẻ 50k,09-2022
14,15,,,CrystalHannahBradley,"4,450",Bộ quà + thẻ 50k,09-2022
15,16,,,thanhnhan2302,"4,385",Bộ quà + thẻ 50k,09-2022
16,17,,,Nam2042008,"4,190",Bộ quà + thẻ 50k,09-2022
17,18,,,parkchaeyoung18,"3,940",Bộ quà + thẻ 50k,09-2022
18,19,,,Ilovelearning,"3,680",Bộ quà + thẻ 50k,09-2022
19,20,,,maingoctranthi,"3,635",Bộ quà + thẻ 50k,09-2022
20,21,,,Myfriendly,"3,540",Bộ quà + thẻ 50k,09-2022
21,22,,,nguyenngocminhchau97,"5,140",Bộ quà + thẻ 50k,09-2022
22,23,,,AurielaOvO,"4,085",Bộ quà + thẻ 50k,09-2022
23,24,,,HMA205,"2,590",Bộ quà + thẻ 50k,09-2022
24,25,,,kieuyen826,"1,725",Bộ quà + thẻ 50k,09-2022
25,26,,,pentane205,"10,000",Bộ quà + thẻ 50k,09-2022
26,27,,,AllanMusic,"6,140",Bộ quà + thẻ 50k,09-2022
27,28,,,hunghonghot,"6,085",Bộ quà + thẻ 50k,09-2022
28,29,,,wally2008,"6,025",Bộ quà + thẻ 50k,09-2022
29,30,,,Sonic07,"13,375",Bộ quà + thẻ 50k,09-2022
30,31,,,thanhai1112008,"5,995",Bộ quà + thẻ 50k,09-2022
31,32,,,TheOneWhoWaits,"5,525",Bộ quà + thẻ 50k,09-2022
32,33,,,thaonguyeneakar2903,"4,895",Bộ quà + thẻ 50k,09-2022
33,34,,,cam_cam,"4,095",Bộ quà + thẻ 50k,09-2022
34,35,,,Anatole779OwO,"3,780",Bộ quà + thẻ 50k,09-2022
35,36,,,Jouska,"3,590",Bộ quà + thẻ 50k,09-2022
36,37,,,ZinnNee,"3,240",Bộ quà + thẻ 50k,09-2022
37,38,,,Myfriendly,"3,010",Bộ quà + thẻ 50k,09-2022
38,39,,,themoonstarhk,"2,890",Bộ quà + thẻ 50k,09-2022
39,40,,,FreedomWriters,"18,060",Bộ quà + thẻ 50k,09-2022
40,41,,,phuongba,"3,040",Bộ quà + thẻ 50k,09-2022
41,42,,,anhthuminhthu04,"2,675",Bộ quà + thẻ 50k,09-2022
42,43,,,khanhle1,"2,520",Bộ quà + thẻ 50k,09-2022
43,44,,,TP2979,"2,315",Bộ quà + thẻ 50k,09-2022
44,45,,,chibana,"6,955",Bộ quà + thẻ 50k,09-2022
45,46,,,trilecongtri,"1,470",Bộ quà + thẻ 50k,09-2022
46,47,,,thanhnhan2007,"1,285",Bộ quà + thẻ 50k,09-2022
47,-,,,,,,09-2022
48,48,,,shamsiel,"3,225",Bộ quà + thẻ 50k,09-2022
49,49,,,PeakingBlinder,"2,970",Bộ quà + thẻ 50k,09-2022
50,50,,,Daoanhviet96,"1,060",Bộ quà + thẻ 50k,09-2022
51,51,,,,,,09-2022
52,52,,,Uemura03,"3,585",Bộ quà + thẻ 50k,09-2022
53,53,,,vudieuhang,"2,980",Bộ quà + thẻ 50k,09-2022
54,54,,,EbeCuaHinata,"2,620",Bộ quà + thẻ 50k,09-2022
55,-,,,,,,09-2022
56,-,,,,,,09-2022
57,-,,,,,,09-2022
58,55,,,Hinaka,"20,448",Thẻ 50k + chứng nhận,09-2022
59,56,,,hodienankhoa,"6,421",Bộ quà + thẻ 50k,09-2022
60,57,,,Yau2k9,"3,489",Bộ quà + thẻ 50k,09-2022
61,58,,,HPHG347,"3,162",Bộ quà + thẻ 50k,09-2022
62,59,,,QuangUwU,"3,104",Bộ quà + thẻ 50k,09-2022
63,60,,,sharinganvanhoadong,"2,931",Bộ quà + thẻ 50k,09-2022
64,61,,,huynhanhduong12,"2,801",Bộ quà + thẻ 50k,09-2022
65,62,,,OriannaJun,"2,512",Bộ quà + thẻ 50k,09-2022
66,63,,,harryisthebest,"2,280",Bộ quà + thẻ 50k,09-2022
67,64,,,LoydCardenis,"2,215",Bộ quà + thẻ 50k,09-2022
68,65,,,VanhMc297,"1,965",Bộ quà + thẻ 50k,09-2022
69,66,,,lamngocanh8061,"9,386",Bộ quà + thẻ 100k + chứng nhận,09-2022
70,67,,,anhnguyenngoc823,"3,674",Bộ quà + thẻ 50k,09-2022
71,68,,,Armed06,"2,134",Bộ quà + thẻ 50k,09-2022
72,69,,,pchi0802,"2,129",Bộ quà + thẻ 50k,09-2022
73,70,,,Baby123,"2,114",Bộ quà + thẻ 50k,09-2022
74,71,,,kieuyen826,"2,002",Bộ quà + thẻ 50k,09-2022
75,72,,,Professionally,"1,875",Bộ quà + thẻ 50k,09-2022
76,73,,,KhanhTram08,"1,841",Bộ quà + thẻ 50k,09-2022
77,74,,,White777,"1,814",Bộ quà + thẻ 50k,09-2022
78,75,,,KhanhHuyen3103,"1,801",Bộ quà + thẻ 50k,09-2022
0,1,,,Hinaka,"18,850",Bộ quà + thẻ 100k,04-2023
1,2,,,2k10kaitokid,"9,380",Bộ quà + thẻ 50k,04-2023
2,3,,,hoanganhnguyen09302,"9,175",Bộ quà + thẻ 50k,04-2023
3,4,,,toanyeuvanh,"8,235",Bộ quà + thẻ 50k,04-2023
4,5,,,Shouzan,"7,965",Bộ quà + thẻ 50k,04-2023
5,6,,,DYNAMONSWORLD,"7,865",Bộ quà + thẻ 50k,04-2023
6,7,,,Ponster208,"6,030",Bộ quà + thẻ 50k,04-2023
7,8,,,bachminhdang,"5,550",Bộ quà + thẻ 50k,04-2023
8,9,,,Pngann,"5,520",Bộ quà + thẻ 50k,04-2023
9,10,,,soicodoc26,"5,280",Bộ quà + thẻ 50k,04-2023
10,11,,,nam123456,"5,137",Bộ quà + thẻ 50k,04-2023
11,12,,,Thwantobethebest,"5,070",Bộ quà + thẻ 50k,04-2023
12,13,,,KaitoKid20,"4,950",Bộ quà + thẻ 50k,04-2023
13,14,,,Sayhi3,"4,855",Bộ quà + thẻ 50k,04-2023
14,15,,,DYMONGO,"4,625",Bộ quà + thẻ 50k,04-2023
15,16,,,buivuminhhuy,"4,615",Bộ quà + thẻ 50k,04-2023
16,17,,,dhzyn1703,"4,615",Bộ quà + thẻ 50k,04-2023
17,18,,,FanManchesterUnited,"4,514",Bộ quà + thẻ 50k,04-2023
18,19,,,trytolearnmore,"4,245",Bộ quà + thẻ 50k,04-2023
19,20,,,winduc347,"3,525",Bộ quà + thẻ 50k,04-2023
20,21,,,dieuly1109,"3,225",Bộ quà + thẻ 50k,04-2023
21,22,,,caomanhgiabao2782008,"2,325",Bộ quà + thẻ 50k,04-2023
22,23,,,vvv323,"1,845",Bộ quà + thẻ 50k,04-2023
23,24,,,kenneths,"1,050",Bộ quà + thẻ 50k,04-2023
24,25,,,znguyen247,"1,000",Bộ quà + thẻ 50k,04-2023
25,26,,,abcxzy,"8,330",Bộ quà + thẻ 50k,04-2023
26,27,,,nguyennam94197,"8,305",Bộ quà + thẻ 50k,04-2023
27,28,,,QuangUwU,"7,670",Bộ quà + thẻ 50k,04-2023
28,29,,,ntbhann,"7,425",Bộ quà + thẻ 50k,04-2023
29,30,,,nguyennhi2766,"14,430",Bộ quà + thẻ 50k,04-2023
30,31,,,thaonguyeneakar2903,"11,545",Bộ quà + thẻ 50k,04-2023
31,32,,,huonggiangtong,"11,260",Bộ quà + thẻ 50k,04-2023
32,33,,,ThunderSadBoiz,"8,065",Bộ quà + thẻ 50k,04-2023
33,34,,,Victorier,"7,530",Bộ quà + thẻ 50k,04-2023
34,35,,,haniezz22,"5,945",Bộ quà + thẻ 50k,04-2023
35,36,,,cam_cam,"5,840",Bộ quà + thẻ 50k,04-2023
36,37,,,ruongojeseoho,"3,015",Bộ quà + thẻ 50k,04-2023
37,38,,,hodienankhoa,"2,685",Bộ quà + thẻ 50k,04-2023
38,39,,,RicardoTrivelaKa09,"2,205",Bộ quà + thẻ 50k,04-2023
39,40,,,hhkmhhjm,"5,345",Bộ quà + thẻ 50k,04-2023
40,41,,,meosimm4905k,"5,165",Bộ quà + thẻ 50k,04-2023
41,42,,,Chococo,"4,505",Bộ quà + thẻ 50k,04-2023
42,43,,,khoanguyen045,"4,500",Bộ quà + thẻ 50k,04-2023
43,44,,,FreedomWriters,"3,145",Bộ quà + thẻ 50k,04-2023
44,45,,,chibana,"2,380",Bộ quà + thẻ 50k,04-2023
45,46,,,Historians,"2,850",Bộ quà + thẻ 50k,04-2023
46,47,,,T222222,"1,355",Bộ quà + thẻ 50k,04-2023
47,48,,,nhatminhpt2011,"1,235",Bộ quà + thẻ 50k,04-2023
48,49,,,hoanganhnguyen09302,"3,199",Bộ quà + thẻ 50k,04-2023
49,50,,,shamsiel,"2,590",Bộ quà + thẻ 50k,04-2023
50,51,,,hungtien2202,"2,270",Bộ quà + thẻ 50k,04-2023
51,52,,,babyboyyy,"2,540",Bộ quà + thẻ 50k,04-2023
52,53,,,Fxozjing,"3,360",Bộ quà + thẻ 50k,04-2023
53,54,,,Emthanhlovethaochi,"3,235",Bộ quà + thẻ 50k,04-2023
54,55,,,CucCukday,"3,075",Bộ quà + thẻ 50k,04-2023
55,-,,,,,,04-2023
56,56,,,minhthanhhoabac,"2,065",Bộ quà + thẻ 50k,04-2023
57,-,,,,,,04-2023
58,57,,,Hinaka,"19,257",Thẻ 50k + chứng nhận,04-2023
59,58,,,trangnguyen8451,"4,195",Bộ quà + thẻ 50k,04-2023
60,59,,,lequangdien201,"3,100",Bộ quà + thẻ 50k,04-2023
61,60,,,chiminh0,"3,048",Bộ quà + thẻ 50k,04-2023
62,61,,,ChieyewCucCuk,"2,555",Bộ quà + thẻ 50k,04-2023
63,62,,,lukefury,"2,415",Bộ quà + thẻ 50k,04-2023
64,63,,,ThaoCuteGirl,"2,280",Bộ quà + thẻ 50k,04-2023
65,64,,,trangnguyenthi69932,"2,255",Bộ quà + thẻ 50k,04-2023
66,65,,,BadMood,"2,245",Bộ quà + thẻ 50k,04-2023
67,66,,,yagamiakira,"4,228",Bộ quà + thẻ 100k + chứng nhận,04-2023
68,67,,,Tsuyuri,"2,869",Bộ quà + thẻ 50k,04-2023
69,68,,,thaohiennhuthang07,"2,139",Bộ quà + thẻ 50k,04-2023
70,69,,,Iruma0301,"1,873",Bộ quà + thẻ 50k,04-2023
71,70,,,kieuyen826,"1,820",Bộ quà + thẻ 50k,04-2023
72,71,,,Daoanhviet96,"1,654",Bộ quà + thẻ 50k,04-2023
73,72,,,pchi0802,"1,420",Bộ quà + thẻ 50k,04-2023
74,73,,,Phuongfriendly,"1,388",Bộ quà + thẻ 50k,04-2023
75,74,,,tuituy,"1,324",Bộ quà + thẻ 50k,04-2023
76,75,,,pentane205,"1,292",Bộ quà + thẻ 50k,04-2023
77,76,,,QuangUwU,"1,286",Bộ quà + thẻ 50k,04-2023
78,77,,,vuongthanhy07,"1,284",Bộ quà + thẻ 50k,04-2023
79,78,,,Hellotamday,"1,139",Bộ quà + thẻ 50k,04-2023
80,79,,,lamngocanh8061,"1,134",Bộ quà + thẻ 50k,04-2023
81,80,,,andybao2007,"1,127",Bộ quà + thẻ 50k,04-2023
82,81,,,anhnguyenngoc823,"1,096",Bộ quà + thẻ 50k,04-2023
83,82,,,DnggAnn,"1,062",Bộ quà + thẻ 50k,04-2023
84,83,,,White777,"1,002",Bộ quà + thẻ 50k,04-2023
85,84,,,buiviet2932006,999,Bộ quà + thẻ 50k,04-2023
0,1,,,Ulatrkhongbietgihet,"15,090",Bộ quà + thẻ 100k,05-2022
1,2,,,KNOIDAU,"14,270",Bộ quà + thẻ 50k,05-2022
2,3,,,dtkc12110,"11,695",Bộ quà + thẻ 50k,05-2022
3,4,,,OvOPytago,"8,760",Bộ quà + thẻ 50k,05-2022
4,5,,,Draphilomena,"7,870",Bộ quà + thẻ 50k,05-2022
5,6,,,khanhly2009,"7,662",Bộ quà + thẻ 50k,05-2022
6,7,,,kaibaseto,"7,220",Bộ quà + thẻ 50k,05-2022
7,8,,,Yau2k9,"6,645",Bộ quà + thẻ 50k,05-2022
8,9,,,TheCloud781404,"6,625",Bộ quà + thẻ 50k,05-2022
9,10,,,lemllnn2208,"6,482",Bộ quà + thẻ 50k,05-2022
10,11,,,kisibongdem,"6,210",Bộ quà + thẻ 50k,05-2022
11,12,,,FanMaple,"6,210",Bộ quà + thẻ 50k,05-2022
12,13,,,hai556655,"5,965",Bộ quà + thẻ 50k,05-2022
13,14,,,trangiahung008,"5,795",Bộ quà + thẻ 50k,05-2022
14,15,,,kimbwi209,"5,645",Bộ quà + thẻ 50k,05-2022
15,16,,,Phuongchi13,"5,510",Bộ quà + thẻ 50k,05-2022
16,17,,,2k9isthebest,"5,062",Bộ quà + thẻ 50k,05-2022
17,18,,,kknot3033UCOM,"5,046",Bộ quà + thẻ 50k,05-2022
18,19,,,parkchaeyoung18,"4,915",Bộ quà + thẻ 50k,05-2022
19,20,,,TrumMaths,"4,765",Bộ quà + thẻ 50k,05-2022
20,21,,,nguyenluffy,"4,605",Bộ quà + thẻ 50k,05-2022
21,22,,,phamhoa338,"6,540",Bộ quà + thẻ 50k,05-2022
22,23,,,MinhHuu2k7,"3,950",Bộ quà + thẻ 50k,05-2022
23,24,,,huylengend,"3,793",Bộ quà + thẻ 50k,05-2022
24,25,,,haotanker,"3,320",Bộ quà + thẻ 50k,05-2022
25,26,,,Dominic,"20,645",Bộ quà + thẻ 50k,05-2022
26,27,,,abcxzy,"8,755",Bộ quà + thẻ 50k,05-2022
27,28,,,TRUSThh,"6,330",Bộ quà + thẻ 50k,05-2022
28,29,,,flagsnemesis2,"5,010",Bộ quà + thẻ 50k,05-2022
29,30,,,NguyenNgocVan9a1,"9,260",Bộ quà + thẻ 50k,05-2022
30,31,,,30huongquynh,"9,085",Bộ quà + thẻ 50k,05-2022
31,32,,,minhnguyetcao304,"7,355",Bộ quà + thẻ 50k,05-2022
32,33,,,Camsama,"6,675",Bộ quà + thẻ 50k,05-2022
33,34,,,DoTrang2k8,"6,365",Bộ quà + thẻ 50k,05-2022
34,35,,,Aurellia,"6,254",Bộ quà + thẻ 50k,05-2022
35,36,,,dulcie25,"5,095",Bộ quà + thẻ 50k,05-2022
36,37,,,kibinhanhsang,"4,050",Bộ quà + thẻ 50k,05-2022
37,38,,,LoydCardenis,"4,005",Bộ quà + thẻ 50k,05-2022
38,39,,,kanao2008,"3,990",Bộ quà + thẻ 50k,05-2022
39,40,,,Haha2k9,"5,105",Bộ quà + thẻ 50k,05-2022
40,41,,,anpham181109,"3,030",Bộ quà + thẻ 50k,05-2022
41,42,,,JungJeeYeon,"2,995",Bộ quà + thẻ 50k,05-2022
42,43,,,KhanhhLinhh07,"2,760",Bộ quà + thẻ 50k,05-2022
43,44,,,doanduyanh0398,"2,480",Bộ quà + thẻ 50k,05-2022
44,45,,,chibana,"10,230",Bộ quà + thẻ 50k,05-2022
45,46,,,lamtruynguyet,"2,615",Bộ quà + thẻ 50k,05-2022
46,47,,,thanhnhan2007,"1,615",Bộ quà + thẻ 50k,05-2022
47,-,,,,,,05-2022
48,48,,,yanquinnkhongcoten,"7,810",Bộ quà + thẻ 50k,05-2022
49,49,,,buikhanhchi237,"4,134",Bộ quà + thẻ 50k,05-2022
50,50,,,baonamok114,"2,955",Bộ quà + thẻ 50k,05-2022
51,51,,,wikipediahoidap247,"1,525",Bộ quà + thẻ 50k,05-2022
52,52,,,LuongVanManh291207,"7,785",Bộ quà + thẻ 50k,05-2022
53,53,,,chutuenhi114,"4,855",Bộ quà + thẻ 50k,05-2022
54,54,,,TrBinhAnlas1,"4,427",Bộ quà + thẻ 50k,05-2022
55,55,,,Thanh4356,"1,330",Bộ quà + thẻ 50k,05-2022
56,56,,,MaiTrank9,"1,375",Bộ quà + thẻ 50k,05-2022
57,57,,,Ulatrkhongbietgihet,"18,358",Thẻ 50k + chứng nhận,05-2022
58,58,,,Longhack1805,"7,456",Bộ quà + thẻ 50k,05-2022
59,59,,,Romalssi,"6,268",Bộ quà + thẻ 50k,05-2022
60,60,,,truonghohanhu,"5,019",Bộ quà + thẻ 50k,05-2022
61,61,,,Lazuli0908,"4,369",Bộ quà + thẻ 50k,05-2022
62,62,,,wally2008,"3,866",Bộ quà + thẻ 50k,05-2022
63,63,,,ohnonono,"3,846",Bộ quà + thẻ 50k,05-2022
64,64,,,hoaithunong305,"3,777",Bộ quà + thẻ 50k,05-2022
65,65,,,QuangUwU,"3,685",Bộ quà + thẻ 50k,05-2022
66,66,,,Doraemon09,"3,612",Bộ quà + thẻ 50k,05-2022
67,67,,,khanhlynkk,"3,566",Bộ quà + thẻ 50k,05-2022
68,68,,,lamngocanh8061,"10,696",Bộ quà + thẻ 100k + chứng nhận,05-2022
69,69,,,phamhoa338,"4,978",Bộ quà + thẻ 50k,05-2022
70,70,,,brightwarrior,"4,566",Bộ quà + thẻ 50k,05-2022
71,71,,,anhnguyenngoc823,"3,610",Bộ quà + thẻ 50k,05-2022
72,72,,,Apple347,"3,320",Bộ quà + thẻ 50k,05-2022
73,73,,,linhhuongnguyen2006,"2,937",Bộ quà + thẻ 50k,05-2022
74,74,,,taomao331,"2,532",Bộ quà + thẻ 50k,05-2022
75,75,,,thaopham76520,"2,193",Bộ quà + thẻ 50k,05-2022
76,76,,,ngan77666,"2,168",Bộ quà + thẻ 50k,05-2022
77,77,,,weeihan,"2,131",Bộ quà + thẻ 50k,05-2022
78,78,,,letranquynhtrang,"2,027",Bộ quà + thẻ 50k,05-2022
79,79,,,nhianh2006,"2,011",Bộ quà + thẻ 50k,05-2022
80,80,,,Professionally,"1,936",Bộ quà + thẻ 50k,05-2022
81,81,,,harryisthebest,"1,914",Bộ quà + thẻ 50k,05-2022
82,82,,,Dorris,"1,904",Bộ quà + thẻ 50k,05-2022
83,83,,,angnguyen779,"1,845",Bộ quà + thẻ 50k,05-2022
0,1,Toán,Nhất,MOZShiwel,"18,250",Bộ quà + thẻ 100k,11-2022
1,2,Toán,Nhì,Hinaka,"17,320",Bộ quà + thẻ 50k,11-2022
2,3,Toán,Ba,duong612009,"13,312",Bộ quà + thẻ 50k,11-2022
3,4,Toán,4,ichigobankai,"7,940",Bộ quà + thẻ 50k,11-2022
4,5,Toán,5,anhthi4,"7,722",Bộ quà + thẻ 50k,11-2022
5,6,Toán,6,toanyeuvanh,"7,565",Bộ quà + thẻ 50k,11-2022
6,7,Toán,7,DYNAMONSWORLD,"6,950",Bộ quà + thẻ 50k,11-2022
7,8,Toán,8,chienbinhkieuhanh226,"6,400",Bộ quà + thẻ 50k,11-2022
8,9,Toán,9,Phuongfriendly,"5,800",Bộ quà + thẻ 50k,11-2022
9,10,Toán,10,WhiteFF,"5,645",Bộ quà + thẻ 50k,11-2022
10,11,Toán,11,Unavailable26,"5,230",Bộ quà + thẻ 50k,11-2022
11,12,Toán,12,gioido782,"4,600",Bộ quà + thẻ 50k,11-2022
12,13,Toán,13,SadAdam01,"4,510",Bộ quà + thẻ 50k,11-2022
13,14,Toán,14,TenhYewwBoXitttt,"4,245",Bộ quà + thẻ 50k,11-2022
14,15,Toán,15,tytyrrte,"4,180",Bộ quà + thẻ 50k,11-2022
15,16,Toán,16,trangnguyen8451,"3,795",Bộ quà + thẻ 50k,11-2022
16,17,Toán,17,StarBby1123,"3,750",Bộ quà + thẻ 50k,11-2022
17,18,Toán,18,2k10kaitokid,"3,530",Bộ quà + thẻ 50k,11-2022
18,19,Toán,19,pchi0802,"3,390",Bộ quà + thẻ 50k,11-2022
19,20,Toán,20,unluck,"2,805",Bộ quà + thẻ 50k,11-2022
20,21,Toán,21,nghiale29,"2,510",Bộ quà + thẻ 50k,11-2022
21,22,Lý,Nhất,vvv323,"3,990",Bộ quà + thẻ 50k,11-2022
22,23,Lý,Nhì,AurielaOvO,"3,830",Bộ quà + thẻ 50k,11-2022
23,24,Lý,Ba,nguyenngocminhchau97,"3,530",Bộ quà + thẻ 50k,11-2022
24,25,Lý,4,dotrungminhnhat,"3,435",Bộ quà + thẻ 50k,11-2022
25,26,Hóa,Nhất,pentane205,"10,095",Bộ quà + thẻ 50k,11-2022
26,27,Hóa,Nhì,dinhtrantrunghieu13,"7,405",Bộ quà + thẻ 50k,11-2022
27,28,Hóa,Ba,Fiammetta,"5,020",Bộ quà + thẻ 50k,11-2022
28,29,Hóa,4,nguyenhohoangnam,"4,467",Bộ quà + thẻ 50k,11-2022
29,30,AV,Nhất,Sonic07,"6,865",Bộ quà + thẻ 50k,11-2022
30,31,AV,Nhì,thaonguyeneakar2903,"5,645",Bộ quà + thẻ 50k,11-2022
31,32,AV,Ba,cam_cam,"5,180",Bộ quà + thẻ 50k,11-2022
32,33,AV,4,30huongquynh,"5,160",Bộ quà + thẻ 50k,11-2022
33,34,AV,5,MinhHuy07,"3,907",Bộ quà + thẻ 50k,11-2022
34,35,AV,6,ZinnNee,"3,430",Bộ quà + thẻ 50k,11-2022
35,36,AV,7,hodienankhoa,"3,210",Bộ quà + thẻ 50k,11-2022
36,37,AV,8,TheOneWhoWaits,"3,115",Bộ quà + thẻ 50k,11-2022
37,38,AV,9,themoonstarhk,"2,735",Bộ quà + thẻ 50k,11-2022
38,39,AV,10,ruongojeseoho,"1,940",Bộ quà + thẻ 50k,11-2022
39,40,Văn,Nhất,anhthuminhthu04,"6,340",Bộ quà + thẻ 50k,11-2022
40,41,Văn,Nhì,FreedomWriters,"4,575",Bộ quà + thẻ 50k,11-2022
41,42,Văn,Ba,khanhle1,"1,590",Bộ quà + thẻ 50k,11-2022
42,43,Văn,4,Watter03,"1,540",Bộ quà + thẻ 50k,11-2022
43,44,Văn,5,Pie1706,"1,370",Bộ quà + thẻ 50k,11-2022
44,45,Sinh,Nhất,chibana,"13,605",Bộ quà + thẻ 50k,11-2022
45,-,Sử,Không ai đoạt giải,,,,11-2022
46,-,Địa,Không ai đoạt giải,,,,11-2022
47,-,GDCD,Không ai đoạt giải,,,,11-2022
48,46,Tin,Nhất,shamsiel,"3,845",Bộ quà + thẻ 50k,11-2022
49,47,Tin,Nhì,PeakingBlinder,"3,583",Bộ quà + thẻ 50k,11-2022
50,48,Tin,Ba,Daoanhviet96,"2,990",Bộ quà + thẻ 50k,11-2022
51,49,Công nghệ,Nhất,ngocha20102k9,"1,005",Bộ quà + thẻ 50k,11-2022
52,50,Nhạc họa,Nhất,FxBlackink,"6,334",Bộ quà + thẻ 50k,11-2022
53,51,Nhạc họa,Nhì,10th9s,"3,875",Bộ quà + thẻ 50k,11-2022
54,52,Nhạc họa,Ba,ThanhNhan216,"2,073",Bộ quà + thẻ 50k,11-2022
55,53,KHTN,Nhất,Fiammetta,"3,035",Bộ quà + thẻ 50k,11-2022
56,-,Sử & Địa,Không ai đoạt giải,,,,11-2022
57,-,Khác,Không ai đoạt giải,,,,11-2022
58,54,BĐHH,Nhất,Hinaka,"18,060",Thẻ 50k + chứng nhận,11-2022
59,55,BĐHH,Nhì,Myfriendly,"2,129",Bộ quà + thẻ 50k,11-2022
60,56,BĐHH,Ba,thanhnhan2302,"1,919",Bộ quà + thẻ 50k,11-2022
61,57,BĐHH,4,nguyenthuy1810,"1,840",Bộ quà + thẻ 50k,11-2022
62,58,BĐHH,5,baotienayunpa,"1,820",Bộ quà + thẻ 50k,11-2022
63,59,BĐHH,6,huynhanhduong12,"1,405",Bộ quà + thẻ 50k,11-2022
64,60,BĐHH,7,ipadnghi,"1,375",Bộ quà + thẻ 50k,11-2022
65,61,BĐHH,8,NaeOvO,"1,370",Bộ quà + thẻ 50k,11-2022
66,62,BĐHH,9,thanhai1112008,"1,246",Bộ quà + thẻ 50k,11-2022
67,63,BĐHH,10,SunTea,"1,175",Bộ quà + thẻ 50k,11-2022
68,64,BĐHH,11,ThaoCuteGirl,"1,150",Bộ quà + thẻ 50k,11-2022
69,65,Mod,Nhất,lamngocanh8061,"7,652",Bộ quà + thẻ 100k + chứng nhận,11-2022
70,66,Mod,Nhì,Phuongfriendly,"3,320",Bộ quà + thẻ 50k,11-2022
71,67,Mod,Ba,anhnguyenngoc823,"3,027",Bộ quà + thẻ 50k,11-2022
72,68,Mod,4,andybao2007,"2,901",Bộ quà + thẻ 50k,11-2022
73,69,Mod,5,DnggAnn,"2,807",Bộ quà + thẻ 50k,11-2022
74,70,Mod,6,angnguyen779,"2,184",Bộ quà + thẻ 50k,11-2022
75,71,Mod,7,wally2008,"2,017",Bộ quà + thẻ 50k,11-2022
76,72,Mod,8,Anatole779OwO,"1,957",Bộ quà + thẻ 50k,11-2022
77,73,Mod,9,Iruma0301,"1,942",Bộ quà + thẻ 50k,11-2022
78,74,Mod,10,KhanhHuyen3103,"1,840",Bộ quà + thẻ 50k,11-2022
79,75,Mod,11,KhanhTram08,"1,827",Bộ quà + thẻ 50k,11-2022
80,76,Mod,12,520History,"1,800",Bộ quà + thẻ 50k,11-2022
0,1,,,kaibaseto,"18,760",Bộ quà + thẻ 100k,04-2022
1,2,,,Ulatrkhongbietgihet,"14,450",Bộ quà + thẻ 50k,04-2022
2,3,,,Phuongfriendly,"14,040",Bộ quà + thẻ 50k,04-2022
3,4,,,GiaBao2010,"12,525",Bộ quà + thẻ 50k,04-2022
4,5,,,dtkc12110,"10,835",Bộ quà + thẻ 50k,04-2022
5,6,,,knguyn,"10,320",Bộ quà + thẻ 50k,04-2022
6,7,,,Andanh070707,"9,100",Bộ quà + thẻ 50k,04-2022
7,8,,,mathOwO,"8,570",Bộ quà + thẻ 50k,04-2022
8,9,,,nguyennam500,"8,445",Bộ quà + thẻ 50k,04-2022
9,10,,,2k9isthebest,"8,285",Bộ quà + thẻ 50k,04-2022
10,11,,,yewnhanhatthegioi,"7,880",Bộ quà + thẻ 50k,04-2022
11,12,,,DungSenpai1412,"7,435",Bộ quà + thẻ 50k,04-2022
12,13,,,Romalssi,"6,985",Bộ quà + thẻ 50k,04-2022
13,14,,,VieZoee1402,"6,920",Bộ quà + thẻ 50k,04-2022
14,15,,,kocogidaunha,"6,885",Bộ quà + thẻ 50k,04-2022
15,16,,,Yau2k9,"6,820",Bộ quà + thẻ 50k,04-2022
16,17,,,520History,"6,315",Bộ quà + thẻ 50k,04-2022
17,18,,,owenly3,"6,155",Bộ quà + thẻ 50k,04-2022
18,19,,,ducanh190509,"6,101",Bộ quà + thẻ 50k,04-2022
19,20,,,ngthanhthuy29042010,"5,957",Bộ quà + thẻ 50k,04-2022
20,21,,,nothinginhere,"5,915",Bộ quà + thẻ 50k,04-2022
21,22,,,nguyenngocminhchau97,"5,345",Bộ quà + thẻ 50k,04-2022
22,23,,,phamhoa338,"5,012",Bộ quà + thẻ 50k,04-2022
23,24,,,doanduyanh,"4,650",Bộ quà + thẻ 50k,04-2022
24,25,,,Professionally,"2,760",Bộ quà + thẻ 50k,04-2022
25,26,,,QuangUwU,"16,435",Bộ quà + thẻ 50k,04-2022
26,27,,,Lazuli0908,"10,920",Bộ quà + thẻ 50k,04-2022
27,28,,,pentane205,"10,705",Bộ quà + thẻ 50k,04-2022
28,29,,,Dominic,"10,625",Bộ quà + thẻ 50k,04-2022
29,30,,,ZinnNee,"20,025",Bộ quà + thẻ 50k,04-2022
30,31,,,hodienankhoa,"12,145",Bộ quà + thẻ 50k,04-2022
31,32,,,Aurellia,"7,766",Bộ quà + thẻ 50k,04-2022
32,33,,,thuyanh1303,"6,600",Bộ quà + thẻ 50k,04-2022
33,34,,,DnggAnn,"5,730",Bộ quà + thẻ 50k,04-2022
34,35,,,letranquynhtrang,"5,485",Bộ quà + thẻ 50k,04-2022
35,36,,,cam_cam,"5,345",Bộ quà + thẻ 50k,04-2022
36,37,,,ngan77666,"5,200",Bộ quà + thẻ 50k,04-2022
37,38,,,anhnguyenngoc823,"4,665",Bộ quà + thẻ 50k,04-2022
38,39,,,minhotaku2007,"3,740",Bộ quà + thẻ 50k,04-2022
39,40,,,wally2008,"4,790",Bộ quà + thẻ 50k,04-2022
40,41,,,JungJeeYeon,"4,205",Bộ quà + thẻ 50k,04-2022
41,42,,,KhanhhLinhh07,"3,445",Bộ quà + thẻ 50k,04-2022
42,43,,,anpham181109,"2,955",Bộ quà + thẻ 50k,04-2022
43,44,,,ThuyyDuongg07,"2,472",Bộ quà + thẻ 50k,04-2022
44,45,,,chibana,"12,220",Bộ quà + thẻ 50k,04-2022
45,46,,,trilecongtri,"5,815",Bộ quà + thẻ 50k,04-2022
46,47,,,thanhnhan2007,"3,340",Bộ quà + thẻ 50k,04-2022
47,-,,,,,,04-2022
48,48,,,yanquinnkhongcoten,"10,765",Bộ quà + thẻ 50k,04-2022
49,49,,,Daoanhviet96,"5,385",Bộ quà + thẻ 50k,04-2022
50,50,,,buikhanhchi237,"3,810",Bộ quà + thẻ 50k,04-2022
51,51,,,wikipediahoidap247,"4,635",Bộ quà + thẻ 50k,04-2022
52,52,,,OnceUponATime,"5,199",Bộ quà + thẻ 50k,04-2022
53,53,,,parkmiz2kx,"5,080",Bộ quà + thẻ 50k,04-2022
54,54,,,SnowLovely08,"3,960",Bộ quà + thẻ 50k,04-2022
55,55,,,Thanh4356,"2,500",Bộ quà + thẻ 50k,04-2022
56,-,,,,,,04-2022
57,56,,,QuangUwU,"23,714",Thẻ 50k + chứng nhận,04-2022
58,57,,,TRUSThh,"10,386",Bộ quà + thẻ 50k,04-2022
59,58,,,angnguyen779,"8,694",Bộ quà + thẻ 50k,04-2022
60,59,,,VanhMc297,"5,261",Bộ quà + thẻ 50k,04-2022
61,60,,,KhangOwO,"4,253",Bộ quà + thẻ 50k,04-2022
62,61,,,dongha8284,"4,107",Bộ quà + thẻ 50k,04-2022
63,62,,,chutuenhi114,"4,069",Bộ quà + thẻ 50k,04-2022
64,63,,,hunghunghung,"3,864",Bộ quà + thẻ 50k,04-2022
65,64,,,linhnguyen743,"3,624",Bộ quà + thẻ 50k,04-2022
66,65,,,NguyenNgocVan9a1,"3,398",Bộ quà + thẻ 50k,04-2022
67,66,,,vaniesnow,"3,326",Bộ quà + thẻ 50k,04-2022
68,67,,,lamngocanh8061,"12,792",Bộ quà + thẻ 100k + chứng nhận,04-2022
69,68,,,brightwarrior,"7,598",Bộ quà + thẻ 50k,04-2022
70,69,,,Olwen0703,"6,317",Bộ quà + thẻ 50k,04-2022
71,70,,,Apple347,"4,965",Bộ quà + thẻ 50k,04-2022
72,71,,,thaopham76520,"4,685",Bộ quà + thẻ 50k,04-2022
73,72,,,phamhoa338,"3,841",Bộ quà + thẻ 50k,04-2022
74,73,,,Professionally,"3,388",Bộ quà + thẻ 50k,04-2022
75,74,,,dtkc12110,"3,068",Bộ quà + thẻ 50k,04-2022
76,75,,,harryisthebest,"3,029",Bộ quà + thẻ 50k,04-2022
77,76,,,pchi0802,"2,958",Bộ quà + thẻ 50k,04-2022
78,77,,,phanquynhhoa,"2,880",Bộ quà + thẻ 50k,04-2022
79,78,,,nhianh2006,"2,783",Bộ quà + thẻ 50k,04-2022
80,79,,,dungsenpai247,"2,603",Bộ quà + thẻ 50k,04-2022
81,80,,,weeihan,"2,491",Bộ quà + thẻ 50k,04-2022
82,81,,,letranquynhtrang,"2,059",Bộ quà + thẻ 50k,04-2022
83,82,,,chiukiuxiu,"2,048",Bộ quà + thẻ 50k,04-2022
84,83,,,Dorris,"2,006",Bộ quà + thẻ 50k,04-2022
85,84,,,armybts1306,"1,895",Bộ quà + thẻ 50k,04-2022
86,85,,,nguyenthihongngocngoc,"1,886",Bộ quà + thẻ 50k,04-2022
87,86,,,funeuvu,"1,875",Bộ quà + thẻ 50k,04-2022
88,87,,,sbpro09,"1,847",Bộ quà + thẻ 50k,04-2022
0,1,,,Milocute08,"27,500",Bộ quà + thẻ 100k,01-2022
1,2,,,thaopham76520,"16,610",Bộ quà + thẻ 50k,01-2022
2,3,,,dariana,"14,645",Bộ quà + thẻ 50k,01-2022
3,4,,,Wan0801,"13,797",Bộ quà + thẻ 50k,01-2022
4,5,,,dungsenpai247,"13,565",Bộ quà + thẻ 50k,01-2022
5,6,,,annenguyen1911,"11,325",Bộ quà + thẻ 50k,01-2022
6,7,,,dtkc12110,"10,490",Bộ quà + thẻ 50k,01-2022
7,8,,,Doraemon19,"9,975",Bộ quà + thẻ 50k,01-2022
8,9,,,vanhao41879,"9,306",Bộ quà + thẻ 50k,01-2022
9,10,,,pchi0802,"8,570",Bộ quà + thẻ 50k,01-2022
10,11,,,chienbinhkieuhanh226,"8,430",Bộ quà + thẻ 50k,01-2022
11,12,,,vuatoanhoc,"8,270",Bộ quà + thẻ 50k,01-2022
12,13,,,nhung0,"8,200",Bộ quà + thẻ 50k,01-2022
13,14,,,VanhMc297,"7,760",Bộ quà + thẻ 50k,01-2022
14,15,,,helik8,"7,330",Bộ quà + thẻ 50k,01-2022
15,16,,,Ha1zzz,"6,170",Bộ quà + thẻ 50k,01-2022
16,17,,,kisibongdem,"6,165",Bộ quà + thẻ 50k,01-2022
17,18,,,DungSenpai1412,"6,078",Bộ quà + thẻ 50k,01-2022
18,19,,,Sea009,"6,055",Bộ quà + thẻ 50k,01-2022
19,20,,,2k9isthebest,"6,052",Bộ quà + thẻ 50k,01-2022
20,21,,,yewnhanhatthegioi,"6,040",Bộ quà + thẻ 50k,01-2022
21,22,,,Professionally,"12,060",Bộ quà + thẻ 50k,01-2022
22,23,,,phamhoa338,"11,457",Bộ quà + thẻ 50k,01-2022
23,24,,,nguyenngocminhchau97,"7,835",Bộ quà + thẻ 50k,01-2022
24,25,,,kimngoc69587,"3,446",Bộ quà + thẻ 50k,01-2022
25,26,,,hoangminhava,"25,827",Bộ quà + thẻ 50k,01-2022
26,27,,,angnguyen779,"23,220",Bộ quà + thẻ 50k,01-2022
27,28,,,QuangUwU,"12,970",Bộ quà + thẻ 50k,01-2022
28,29,,,kingofchemistry,"11,580",Bộ quà + thẻ 50k,01-2022
29,30,,,foxthe4334,"8,060",Bộ quà + thẻ 50k,01-2022
30,31,,,quachgiahao502,"5,781",Bộ quà + thẻ 50k,01-2022
31,32,,,Orijinn,"5,395",Bộ quà + thẻ 50k,01-2022
32,33,,,taomao331,"4,535",Bộ quà + thẻ 50k,01-2022
33,34,,,ngtduyen07,"4,010",Bộ quà + thẻ 50k,01-2022
34,35,,,phambaongoc308,"3,542",Bộ quà + thẻ 50k,01-2022
35,36,,,NHa1102,"3,320",Bộ quà + thẻ 50k,01-2022
36,37,,,anhnguyenngoc823,"3,150",Bộ quà + thẻ 50k,01-2022
37,38,,,Dorris,"3,140",Bộ quà + thẻ 50k,01-2022
38,39,,,letranquynhtrang,"3,135",Bộ quà + thẻ 50k,01-2022
39,40,,,DaisyMuggles,"7,560",Bộ quà + thẻ 50k,01-2022
40,41,,,KhanhhLinhh07,"7,115",Bộ quà + thẻ 50k,01-2022
41,42,,,thoconthongminh,"5,125",Bộ quà + thẻ 50k,01-2022
42,43,,,minhhuama,"4,300",Bộ quà + thẻ 50k,01-2022
43,44,,,moduycung,"4,160",Bộ quà + thẻ 50k,01-2022
44,45,,,tranthituyet0805197,"4,085",Bộ quà + thẻ 50k,01-2022
45,46,,,trilecongtri,"4,680",Bộ quà + thẻ 50k,01-2022
46,47,,,kenngo347,"2,550",Bộ quà + thẻ 50k,01-2022
47,48,,,nguyenthihuonggiang94512,"1,040",Bộ quà + thẻ 50k,01-2022
48,49,,,Dungphtvs12500,"3,595",Bộ quà + thẻ 50k,01-2022
49,50,,,votranlyna,"3,390",Bộ quà + thẻ 50k,01-2022
50,51,,,Daoanhviet96,"2,855",Bộ quà + thẻ 50k,01-2022
51,52,,,vaniesnow,"2,220",Bộ quà + thẻ 50k,01-2022
52,53,,,oopsOwO,"12,905",Bộ quà + thẻ 50k,01-2022
53,54,,,DotothyDaisy,"11,413",Bộ quà + thẻ 50k,01-2022
54,55,,,hachu287,"8,330",Bộ quà + thẻ 50k,01-2022
55,56,,,dungsenpai247,"19,895",Thẻ 50k + chứng nhận,01-2022
56,57,,,brightwarrior,"10,573",Bộ quà + thẻ 50k,01-2022
57,58,,,Olwen0703,"10,319",Bộ quà + thẻ 50k,01-2022
58,59,,,Apple347,"8,974",Bộ quà + thẻ 50k,01-2022
59,60,,,winduc347,"7,589",Bộ quà + thẻ 50k,01-2022
60,61,,,harryisthebest,"6,849",Bộ quà + thẻ 50k,01-2022
61,62,,,ctd0309,"6,647",Bộ quà + thẻ 50k,01-2022
62,63,,,ThuyyDuongg07,"6,414",Bộ quà + thẻ 50k,01-2022
63,64,,,buiviet2932006,"6,257",Bộ quà + thẻ 50k,01-2022
64,65,,,lemona,"5,804",Bộ quà + thẻ 50k,01-2022
65,66,,,HoaiAn27,"4,934",Bộ quà + thẻ 50k,01-2022
66,67,,,lamngocanh8061,"12,462",Bộ quà + thẻ 100k + chứng nhận,01-2022
67,68,,,daichik7,"10,189",Bộ quà + thẻ 50k,01-2022
68,69,,,Dorris,"9,807",Bộ quà + thẻ 50k,01-2022
69,70,,,haducanh432007,"7,559",Bộ quà + thẻ 50k,01-2022
70,71,,,tttt1111,"7,151",Bộ quà + thẻ 50k,01-2022
71,72,,,Baby123,"5,361",Bộ quà + thẻ 50k,01-2022
72,73,,,caty09,"5,271",Bộ quà + thẻ 50k,01-2022
73,74,,,Iruma0301,"4,841",Bộ quà + thẻ 50k,01-2022
74,75,,,nganthai404,"4,480",Bộ quà + thẻ 50k,01-2022
75,76,,,chiukiuxiu,"4,032",Bộ quà + thẻ 50k,01-2022
76,77,,,KhanhHuyen3103,"3,776",Bộ quà + thẻ 50k,01-2022
77,78,,,trandohuonggiang,"3,527",Bộ quà + thẻ 50k,01-2022
78,79,,,nguyenthihongngocngoc,"3,496",Bộ quà + thẻ 50k,01-2022
79,80,,,nguyenvanquochieu,"3,441",Bộ quà + thẻ 50k,01-2022
80,81,,,dothihongha,"3,099",Bộ quà + thẻ 50k,01-2022
81,82,,,Congchuahoahong,"3,094",Bộ quà + thẻ 50k,01-2022
82,83,,,huynhthingochieu,"3,073",Bộ quà + thẻ 50k,01-2022
83,84,,,DucPhat0209,"3,050",Bộ quà + thẻ 50k,01-2022
84,85,,,weeihan,"2,670",Bộ quà + thẻ 50k,01-2022
85,86,,,NPC007,"2,603",Bộ quà + thẻ 50k,01-2022
86,87,,,tuituy,"2,295",Bộ quà + thẻ 50k,01-2022
0,1,,,dtkc12110,"19,820",Bộ quà + thẻ 100k,06-2022
1,2,,,dariana,"18,665",Bộ quà + thẻ 50k,06-2022
2,3,,,Ulatrkhongbietgihet,"15,377",Bộ quà + thẻ 50k,06-2022
3,4,,,Phuongfriendly,"12,585",Bộ quà + thẻ 50k,06-2022
4,5,,,nguyenphuc2434,"9,150",Bộ quà + thẻ 50k,06-2022
5,6,,,SaltSea,"8,855",Bộ quà + thẻ 50k,06-2022
6,7,,,StarBby1123,"8,640",Bộ quà + thẻ 50k,06-2022
7,8,,,helik8,"7,190",Bộ quà + thẻ 50k,06-2022
8,9,,,kisibongdem,"7,175",Bộ quà + thẻ 50k,06-2022
9,10,,,huyenvuppt,"7,000",Bộ quà + thẻ 50k,06-2022
10,11,,,Ren1502,"6,788",Bộ quà + thẻ 50k,06-2022
11,12,,,lukefury,"6,535",Bộ quà + thẻ 50k,06-2022
12,13,,,Phuongchi13,"6,475",Bộ quà + thẻ 50k,06-2022
13,14,,,kaibaseto,"6,435",Bộ quà + thẻ 50k,06-2022
14,15,,,MinhThu007,"6,210",Bộ quà + thẻ 50k,06-2022
15,16,,,nguyennam500,"6,170",Bộ quà + thẻ 50k,06-2022
16,17,,,ProTopTop2k9,"5,585",Bộ quà + thẻ 50k,06-2022
17,18,,,Yau2k9,"4,990",Bộ quà + thẻ 50k,06-2022
18,19,,,hai556655,"4,580",Bộ quà + thẻ 50k,06-2022
19,20,,,520History,"4,525",Bộ quà + thẻ 50k,06-2022
20,21,,,HPHG347,"4,330",Bộ quà + thẻ 50k,06-2022
21,22,,,nguyenngocminhchau97,"3,730",Bộ quà + thẻ 50k,06-2022
22,23,,,phamhoa338,"2,510",Bộ quà + thẻ 50k,06-2022
23,24,,,haotanker,"2,220",Bộ quà + thẻ 50k,06-2022
24,25,,,nguyentam91,"1,690",Bộ quà + thẻ 50k,06-2022
25,26,,,Dominic,"12,510",Bộ quà + thẻ 50k,06-2022
26,27,,,phamvansangqn2017,"6,329",Bộ quà + thẻ 50k,06-2022
27,28,,,Lazuli0908,"4,070",Bộ quà + thẻ 50k,06-2022
28,29,,,QuangUwU,"4,050",Bộ quà + thẻ 50k,06-2022
29,30,,,Eternal07,"12,975",Bộ quà + thẻ 50k,06-2022
30,31,,,30huongquynh,"8,160",Bộ quà + thẻ 50k,06-2022
31,32,,,khanhzi08,"5,570",Bộ quà + thẻ 50k,06-2022
32,33,,,ZinnNee,"5,005",Bộ quà + thẻ 50k,06-2022
33,34,,,cremebrulee365,"4,505",Bộ quà + thẻ 50k,06-2022
34,35,,,letranquynhtrang,"4,420",Bộ quà + thẻ 50k,06-2022
35,36,,,JunichiOvOkun,"4,230",Bộ quà + thẻ 50k,06-2022
36,37,,,Aurellia,"4,147",Bộ quà + thẻ 50k,06-2022
37,38,,,themoonstarhk,"3,305",Bộ quà + thẻ 50k,06-2022
38,39,,,NguyenNgocVan9a1,"2,335",Bộ quà + thẻ 50k,06-2022
39,40,,,JungJeeYeon,"5,055",Bộ quà + thẻ 50k,06-2022
40,41,,,Phuongfriendly,"2,695",Bộ quà + thẻ 50k,06-2022
41,42,,,anpham181109,"2,230",Bộ quà + thẻ 50k,06-2022
42,43,,,ipadnghi,"2,095",Bộ quà + thẻ 50k,06-2022
43,44,,,KhanhhLinhh07,"2,080",Bộ quà + thẻ 50k,06-2022
44,45,,,chibana,"3,010",Bộ quà + thẻ 50k,06-2022
45,46,,,trilecongtri,"1,480",Bộ quà + thẻ 50k,06-2022
46,47,,,thanhnhan2007,"1,750",Bộ quà + thẻ 50k,06-2022
47,-,,,,,,06-2022
48,48,,,yanquinnkhongcoten,"6,550",Bộ quà + thẻ 50k,06-2022
49,49,,,Daoanhviet96,"1,440",Bộ quà + thẻ 50k,06-2022
50,-,,,,,,06-2022
51,50,,,LuongVanManh291207,"10,934",Bộ quà + thẻ 50k,06-2022
52,51,,,Imalreadyyours,"7,640",Bộ quà + thẻ 50k,06-2022
53,52,,,SnowLovely08,"6,755",Bộ quà + thẻ 50k,06-2022
54,-,,,,,,06-2022
55,-,,,,,,06-2022
56,-,,,Ulatrkhongbietgihet,"17,742",Thẻ 50k + chứng nhận,06-2022
57,53,,,truonghohanhu,"6,018",Bộ quà + thẻ 50k,06-2022
58,54,,,Pngann,"5,172",Bộ quà + thẻ 50k,06-2022
59,55,,,yewnhanhatthegioi,"5,166",Bộ quà + thẻ 50k,06-2022
60,56,,,hoanganhlnq1234,"4,463",Bộ quà + thẻ 50k,06-2022
61,57,,,hodienankhoa,"4,078",Bộ quà + thẻ 50k,06-2022
62,58,,,kknot3033UCOM,"4,071",Bộ quà + thẻ 50k,06-2022
63,59,,,KhangOwO,"3,970",Bộ quà + thẻ 50k,06-2022
64,60,,,Andanh070707,"3,933",Bộ quà + thẻ 50k,06-2022
65,61,,,parkmiz2kx,"3,701",Bộ quà + thẻ 50k,06-2022
66,62,,,flagsnemesis2,"3,530",Bộ quà + thẻ 50k,06-2022
67,63,,,yagamiakira,"7,964",Bộ quà + thẻ 100k + chứng nhận,06-2022
68,64,,,lamngocanh8061,"6,098",Bộ quà + thẻ 50k,06-2022
69,65,,,anhnguyenngoc823,"5,097",Bộ quà + thẻ 50k,06-2022
70,66,,,phamhoa338,"3,127",Bộ quà + thẻ 50k,06-2022
71,67,,,brightwarrior,"2,717",Bộ quà + thẻ 50k,06-2022
72,68,,,ctd0309,"2,461",Bộ quà + thẻ 50k,06-2022
73,69,,,kieuyen826,"2,341",Bộ quà + thẻ 50k,06-2022
74,70,,,Baby123,"2,165",Bộ quà + thẻ 50k,06-2022
75,71,,,ngan77666,"2,122",Bộ quà + thẻ 50k,06-2022
76,72,,,Armed06,"2,112",Bộ quà + thẻ 50k,06-2022
77,73,,,kisibongdem,"1,989",Bộ quà + thẻ 50k,06-2022
78,74,,,taomao331,"1,850",Bộ quà + thẻ 50k,06-2022
79,75,,,sbpro09,"1,758",Bộ quà + thẻ 50k,06-2022
80,76,,,dungsenpai247,"1,683",Bộ quà + thẻ 50k,06-2022
0,1,,,Milocute08,"16,865",Bộ quà + thẻ 100k,10-2021
1,2,,,Kakaseto,"15,930",Bộ quà + thẻ 50k,10-2021
2,3,,,chinhphuctatca,"15,080",Bộ quà + thẻ 50k,10-2021
3,4,,,ctd0309,"11,965",Bộ quà + thẻ 50k,10-2021
4,5,,,thanhnguyengia2007,"11,955",Bộ quà + thẻ 50k,10-2021
5,6,,,Miette,"11,810",Bộ quà + thẻ 50k,10-2021
6,7,,,2k9isthebest,"11,100",Bộ quà + thẻ 50k,10-2021
7,8,,,truongtuan123,"10,985",Bộ quà + thẻ 50k,10-2021
8,9,,,Lovemath123,"10,690",Bộ quà + thẻ 50k,10-2021
9,10,,,khanhdat,"10,190",Bộ quà + thẻ 50k,10-2021
10,11,,,doquangtai2k9,"9,700",Bộ quà + thẻ 50k,10-2021
11,12,,,haducdung2009,"9,606",Bộ quà + thẻ 50k,10-2021
12,13,,,hamyk8,"8,507",Bộ quà + thẻ 50k,10-2021
13,14,,,Ativity,"8,265",Bộ quà + thẻ 50k,10-2021
14,15,,,lamngocanh8061,"8,100",Bộ quà + thẻ 50k,10-2021
15,16,,,kisibongdem,"7,865",Bộ quà + thẻ 50k,10-2021
16,17,,,thongoccungtrangcute,"7,810",Bộ quà + thẻ 50k,10-2021
17,18,,,tramy362,"7,630",Bộ quà + thẻ 50k,10-2021
18,19,,,Ha1zzz,"7,305",Bộ quà + thẻ 50k,10-2021
19,20,,,SunHee,"6,865",Bộ quà + thẻ 50k,10-2021
20,21,,,MinhhDuc2k7,"6,810",Bộ quà + thẻ 50k,10-2021
21,22,,,Professionally,"10,940",Bộ quà + thẻ 50k,10-2021
22,23,,,kimngoc69587,"10,145",Bộ quà + thẻ 50k,10-2021
23,24,,,MinhThu007,"9,175",Bộ quà + thẻ 50k,10-2021
24,25,,,nguyentam91,"8,550",Bộ quà + thẻ 50k,10-2021
25,26,,,trangha68708,"14,115",Bộ quà + thẻ 50k,10-2021
26,27,,,buiviet2932006,"10,535",Bộ quà + thẻ 50k,10-2021
27,28,,,AllanMusic,"9,570",Bộ quà + thẻ 50k,10-2021
28,29,,,lqphuc2006,"7,155",Bộ quà + thẻ 50k,10-2021
29,30,,,Camsama,"12,105",Bộ quà + thẻ 50k,10-2021
30,31,,,Dorris,"11,005",Bộ quà + thẻ 50k,10-2021
31,32,,,Miaaaa,"10,350",Bộ quà + thẻ 50k,10-2021
32,33,,,letranquynhtrang,"9,780",Bộ quà + thẻ 50k,10-2021
33,34,,,VanNoriakiOwO,"9,640",Bộ quà + thẻ 50k,10-2021
34,35,,,taomao331,"9,040",Bộ quà + thẻ 50k,10-2021
35,36,,,thuhuyen215,"7,505",Bộ quà + thẻ 50k,10-2021
36,37,,,Khoa24082006,"5,895",Bộ quà + thẻ 50k,10-2021
37,38,,,foxthe4334,"4,649",Bộ quà + thẻ 50k,10-2021
38,39,,,huynhthingochieu,"4,050",Bộ quà + thẻ 50k,10-2021
39,40,,,Minaaa,"7,978",Bộ quà + thẻ 50k,10-2021
40,41,,,FreedomWriters,"5,900",Bộ quà + thẻ 50k,10-2021
41,42,,,LamNhac,"5,274",Bộ quà + thẻ 50k,10-2021
42,43,,,HaiDang112233,"4,025",Bộ quà + thẻ 50k,10-2021
43,44,,,hienchi20112009,"3,805",Bộ quà + thẻ 50k,10-2021
44,45,,,biologyislife2408,"7,115",Bộ quà + thẻ 50k,10-2021
45,46,,,trilecongtri,"4,490",Bộ quà + thẻ 50k,10-2021
46,47,,,Kaneghoul128,"1,040",Bộ quà + thẻ 50k,10-2021
47,48,,,lalisamanoban0327,"1,425",Bộ quà + thẻ 50k,10-2021
48,49,,,tuongtaylor,"4,025",Bộ quà + thẻ 50k,10-2021
49,50,,,xuanduc4994,"3,022",Bộ quà + thẻ 50k,10-2021
50,51,,,manhquang0306,"2,585",Bộ quà + thẻ 50k,10-2021
51,52,,,holliwood,"1,105",Bộ quà + thẻ 50k,10-2021
52,53,,,gauconcute2k9,"8,851",Bộ quà + thẻ 50k,10-2021
53,54,,,HelanDeys,"7,800",Bộ quà + thẻ 50k,10-2021
54,55,,,khiemvu197,"7,664",Bộ quà + thẻ 50k,10-2021
55,-,,,ctd0309,"13,550",Thẻ 50k + chứng nhận,10-2021
56,56,,,White777,"6,945",Bộ quà + thẻ 50k,10-2021
57,57,,,dtkc12110,"6,545",Bộ quà + thẻ 50k,10-2021
58,58,,,sbpro09,"6,365",Bộ quà + thẻ 50k,10-2021
59,59,,,thanhthien,"5,876",Bộ quà + thẻ 50k,10-2021
60,60,,,DucPhat0209,"5,145",Bộ quà + thẻ 50k,10-2021
61,61,,,2k9thicogisai,"5,080",Bộ quà + thẻ 50k,10-2021
62,62,,,TTTskx,"4,315",Bộ quà + thẻ 50k,10-2021
63,63,,,vinh05032008,"4,102",Bộ quà + thẻ 50k,10-2021
64,64,,,Xukaminamotor,"3,610",Bộ quà + thẻ 50k,10-2021
65,65,,,TienMinh1941,"3,435",Bộ quà + thẻ 50k,10-2021
66,66,,,lamngocanh8061,"10,111",Bộ quà + thẻ 100k + chứng nhận,10-2021
67,67,,,bangtann,"10,025",Bộ quà + thẻ 50k,10-2021
68,68,,,letranquynhtrang,"4,590",Bộ quà + thẻ 50k,10-2021
69,69,,,armybts1306,"4,324",Bộ quà + thẻ 50k,10-2021
70,70,,,daichik7,"4,165",Bộ quà + thẻ 50k,10-2021
71,71,,,tranbichtram149cm,"3,975",Bộ quà + thẻ 50k,10-2021
72,72,,,Lovemath123,"3,656",Bộ quà + thẻ 50k,10-2021
73,73,,,yagamiakira,"3,652",Bộ quà + thẻ 50k,10-2021
74,74,,,nganthai404,"3,599",Bộ quà + thẻ 50k,10-2021
75,75,,,ThanhTruc2008,"3,383",Bộ quà + thẻ 50k,10-2021
76,76,,,haducanh432007,"3,161",Bộ quà + thẻ 50k,10-2021
77,77,,,Kakashin2007,"3,017",Bộ quà + thẻ 50k,10-2021
78,78,,,Iruma0301,"2,969",Bộ quà + thẻ 50k,10-2021
79,79,,,Congchuahoahong,"2,872",Bộ quà + thẻ 50k,10-2021
80,80,,,Peropero3,"2,647",Bộ quà + thẻ 50k,10-2021
81,81,,,haducdung2009,"2,547",Bộ quà + thẻ 50k,10-2021
82,82,,,tuituy,"2,358",Bộ quà + thẻ 50k,10-2021
83,83,,,chiukiuxiu,"2,343",Bộ quà + thẻ 50k,10-2021
84,84,,,tranma1985,"2,247",Bộ quà + thẻ 50k,10-2021
85,85,,,vdtruong0903,"2,079",Bộ quà + thẻ 50k,10-2021
86,86,,,bangbang1310,"2,048",Bộ quà + thẻ 50k,10-2021
0,1,Toán,Nhất,Phuongfriendly,"28,535",Bộ quà + thẻ 100k,12-2022
1,2,Toán,Nhì,ichigobankai,"18,245",Bộ quà + thẻ 50k,12-2022
2,3,Toán,Ba,Hinaka,"17,750",Bộ quà + thẻ 50k,12-2022
3,4,Toán,4,DYNAMONSWORLD,"15,290",Bộ quà + thẻ 50k,12-2022
4,5,Toán,5,2k10kaitokid,"9,655",Bộ quà + thẻ 50k,12-2022
5,6,Toán,6,duong612009,"8,660",Bộ quà + thẻ 50k,12-2022
6,7,Toán,7,anhthi4,"8,565",Bộ quà + thẻ 50k,12-2022
7,8,Toán,8,TranDuyAnh123,"7,515",Bộ quà + thẻ 50k,12-2022
8,9,Toán,9,nguyenminhkhoi524,"6,420",Bộ quà + thẻ 50k,12-2022
9,10,Toán,10,unluck,"6,065",Bộ quà + thẻ 50k,12-2022
10,11,Toán,11,Sayhi3,"5,995",Bộ quà + thẻ 50k,12-2022
11,12,Toán,12,chiminh0,"5,874",Bộ quà + thẻ 50k,12-2022
12,13,Toán,13,congtrinhayp,"5,730",Bộ quà + thẻ 50k,12-2022
13,14,Toán,14,vulynha,"5,330",Bộ quà + thẻ 50k,12-2022
14,15,Toán,15,Unavailable26,"5,205",Bộ quà + thẻ 50k,12-2022
15,16,Toán,16,toanyeuvanh,"5,055",Bộ quà + thẻ 50k,12-2022
16,17,Toán,17,Yau2k9,"5,020",Bộ quà + thẻ 50k,12-2022
17,18,Toán,18,Anne15,"4,850",Bộ quà + thẻ 50k,12-2022
18,19,Toán,19,trinhminhhoang3122011,"4,290",Bộ quà + thẻ 50k,12-2022
19,20,Toán,20,nguyenchithanh0,"4,050",Bộ quà + thẻ 50k,12-2022
20,21,Toán,21,khoidao5,"3,400",Bộ quà + thẻ 50k,12-2022
21,22,Lý,Nhất,Jez707,"4,870",Bộ quà + thẻ 50k,12-2022
22,23,Lý,Nhì,nguyenngocminhchau97,"3,505",Bộ quà + thẻ 50k,12-2022
23,24,Lý,Ba,vvv323,"2,995",Bộ quà + thẻ 50k,12-2022
24,25,Lý,4,Nguoibian1805,"2,955",Bộ quà + thẻ 50k,12-2022
25,26,Hóa,Nhất,abcxzy,"15,785",Bộ quà + thẻ 50k,12-2022
26,27,Hóa,Nhì,pentane205,"9,415",Bộ quà + thẻ 50k,12-2022
27,28,Hóa,Ba,Winroz,"6,715",Bộ quà + thẻ 50k,12-2022
28,29,Hóa,4,trumhoahocc,"6,560",Bộ quà + thẻ 50k,12-2022
29,30,AV,Nhất,baotienayunpa,"5,135",Bộ quà + thẻ 50k,12-2022
30,31,AV,Nhì,cam_cam,"4,610",Bộ quà + thẻ 50k,12-2022
31,32,AV,Ba,hodienankhoa,"3,970",Bộ quà + thẻ 50k,12-2022
32,33,AV,4,MinhHuy07,"3,775",Bộ quà + thẻ 50k,12-2022
33,34,AV,5,gausdoan,"3,735",Bộ quà + thẻ 50k,12-2022
34,35,AV,6,duongnguyen3513,"3,710",Bộ quà + thẻ 50k,12-2022
35,36,AV,7,ZinnNee,"3,180",Bộ quà + thẻ 50k,12-2022
36,37,AV,8,hanguyen1247058,"3,135",Bộ quà + thẻ 50k,12-2022
37,38,AV,9,RicardoTrivelaKa09,"3,100",Bộ quà + thẻ 50k,12-2022
38,39,AV,10,KhanhTram08,"2,955",Bộ quà + thẻ 50k,12-2022
39,40,Văn,Nhất,DaisyMuggles,"12,115",Bộ quà + thẻ 50k,12-2022
40,41,Văn,Nhì,anhthuminhthu04,"6,960",Bộ quà + thẻ 50k,12-2022
41,42,Văn,Ba,khoanguyen045,"6,910",Bộ quà + thẻ 50k,12-2022
42,43,Văn,4,hungbui52718,"5,520",Bộ quà + thẻ 50k,12-2022
43,44,Văn,5,Watter03,"3,605",Bộ quà + thẻ 50k,12-2022
44,45,Sinh,Nhất,chibana,"8,120",Bộ quà + thẻ 50k,12-2022
45,46,Sử,Không ai đoạt giải,,,,12-2022
46,47,Địa,Nhất,Caroden,"1,635",Bộ quà + thẻ 50k,12-2022
47,48,GDCD,Nhất,peQuyencuti,"1,215",Bộ quà + thẻ 50k,12-2022
48,49,Tin,Nhất,shamsiel,"4,985",Bộ quà + thẻ 50k,12-2022
49,50,Tin,Nhì,PeakingBlinder,"3,195",Bộ quà + thẻ 50k,12-2022
50,51,Tin,Ba,Daoanhviet96,"2,800",Bộ quà + thẻ 50k,12-2022
51,52,Công nghệ,Nhất,nguyenthuy1810,"1,390",Bộ quà + thẻ 50k,12-2022
52,53,Nhạc họa,Nhất,Unnchan,"3,735",Bộ quà + thẻ 50k,12-2022
53,54,Nhạc họa,Nhì,NaeOvO,"2,775",Bộ quà + thẻ 50k,12-2022
54,55,Nhạc họa,Ba,Carwyun007,"2,110",Bộ quà + thẻ 50k,12-2022
55,56,KHTN,Nhất,Fiammetta,"2,155",Bộ quà + thẻ 50k,12-2022
56,57,Sử & Địa,Không ai đoạt giải,,,,12-2022
57,58,Khác,Không ai đoạt giải,,,,12-2022
58,59,BĐHH,Nhất,ichigobankai,"18,380",Thẻ 50k + chứng nhận,12-2022
59,60,BĐHH,Nhì,nguyenngan4028,"3,715",Bộ quà + thẻ 50k,12-2022
60,61,BĐHH,Ba,Mariss08,"3,255",Bộ quà + thẻ 50k,12-2022
61,62,BĐHH,4,lequangdien201,"2,752",Bộ quà + thẻ 50k,12-2022
62,63,BĐHH,5,huynhanhduong12,"2,645",Bộ quà + thẻ 50k,12-2022
63,64,BĐHH,6,trangnguyen8451,"2,310",Bộ quà + thẻ 50k,12-2022
64,65,BĐHH,7,Nagisagay,"2,205",Bộ quà + thẻ 50k,12-2022
65,66,BĐHH,8,TanDat2k8,"1,615",Bộ quà + thẻ 50k,12-2022
66,67,BĐHH,9,phuongthanh08,"1,590",Bộ quà + thẻ 50k,12-2022
67,68,BĐHH,10,123quanbao,"1,575",Bộ quà + thẻ 50k,12-2022
68,69,BĐHH,11,FxBlackink,"1,537",Bộ quà + thẻ 50k,12-2022
69,70,Mod,Nhất,lamngocanh8061,"5,856",Bộ quà + thẻ 100k + chứng nhận,12-2022
70,71,Mod,Nhì,andybao2007,"3,423",Bộ quà + thẻ 50k,12-2022
71,72,Mod,Ba,DnggAnn,"3,197",Bộ quà + thẻ 50k,12-2022
72,73,Mod,4,Phuongfriendly,"3,118",Bộ quà + thẻ 50k,12-2022
73,74,Mod,5,anhnguyenngoc823,"3,033",Bộ quà + thẻ 50k,12-2022
74,75,Mod,6,brightwarrior,"2,289",Bộ quà + thẻ 50k,12-2022
75,76,Mod,7,kieuyen826,"2,070",Bộ quà + thẻ 50k,12-2022
76,77,Mod,8,angnguyen779,"2,037",Bộ quà + thẻ 50k,12-2022
77,78,Mod,9,Iruma0301,"2,010",Bộ quà + thẻ 50k,12-2022
78,79,Mod,10,pentane205,"1,945",Bộ quà + thẻ 50k,12-2022
79,80,Mod,11,520History,"1,930",Bộ quà + thẻ 50k,12-2022
80,81,Mod,12,KhanhTram08,"1,909",Bộ quà + thẻ 50k,12-2022
81,82,Mod,13,QuangUwU,"1,901",Bộ quà + thẻ 50k,12-2022
82,83,Mod,14,pchi0802,"1,831",Bộ quà + thẻ 50k,12-2022
83,84,Mod,15,nguyenthihongngocngoc,"1,809",Bộ quà + thẻ 50k,12-2022
84,85,Top T12,Nhất,Phuongfriendly,"29,015",Lịch Hoidap247 2023,12-2022
85,86,Top T12,Nhì,ichigobankai,"18,480",Lịch Hoidap247 2023,12-2022
86,87,Top T12,Ba,abcxzy,"15,850",Lịch Hoidap247 2023,12-2022
87,88,Top T12,4,DYNAMONSWORLD,"15,595",Lịch Hoidap247 2023,12-2022
88,89,Top T12,5,DaisyMuggles,"12,065",Lịch Hoidap247 2023,12-2022
89,90,Top T12,6,anhthi4,"11,210",Lịch Hoidap247 2023,12-2022
90,91,Top T12,7,Sayhi3,"9,835",Lịch Hoidap247 2023,12-2022
91,92,Top T12,8,pentane205,"9,415",Lịch Hoidap247 2023,12-2022
92,93,Top T12,9,chibana,"9,225",Lịch Hoidap247 2023,12-2022
93,94,Top T12,10,Anne15,"8,030",Lịch Hoidap247 2023,12-2022
94,95,Top T12,11,anhthuminhthu04,"7,904",Lịch Hoidap247 2023,12-2022
95,96,Top T12,12,TranDuyAnh123,"7,515",Lịch Hoidap247 2023,12-2022
96,97,Top T12,13,gioido782,"7,305",Lịch Hoidap247 2023,12-2022
97,98,Top T12,14,vulynha,"7,166",Lịch Hoidap247 2023,12-2022
98,99,Top T12,15,Winroz,"6,735",Lịch Hoidap247 2023,12-2022
99,100,Top T12,16,trumhoahocc,"6,560",Lịch Hoidap247 2023,12-2022
100,101,Top T12,17,Yau2k9,"6,320",Lịch Hoidap247 2023,12-2022
101,102,Top T12,18,unluck,"6,056",Lịch Hoidap247 2023,12-2022
102,103,Top T12,19,hungbui52718,"5,870",Lịch Hoidap247 2023,12-2022
103,104,Top T12,20,congtrinhayp,"5,835",Lịch Hoidap247 2023,12-2022
104,105,Top T12,21,Unavailable26,"5,205",Lịch Hoidap247 2023,12-2022
105,106,Top T12,22,Jez707,"4,870",Lịch Hoidap247 2023,12-2022
106,107,Top T12,23,Kagami07,"4,735",Lịch Hoidap247 2023,12-2022
107,108,Top T12,24,thomnguyen4116,"4,690",Lịch Hoidap247 2023,12-2022
108,109,Top T12,25,shamsiel,"4,677",Lịch Hoidap247 2023,12-2022
0,1,,,dtkc12110,,Bộ quà + thẻ 100k,03-2022
1,2,,,Wan0801,,Bộ quà + thẻ 50k,03-2022
2,3,,,Osakaff,,Bộ quà + thẻ 50k,03-2022
3,4,,,thaopham76520,,Bộ quà + thẻ 50k,03-2022
4,5,,,khanhly2009,,Bộ quà + thẻ 50k,03-2022
5,6,,,pchi0802,,Bộ quà + thẻ 50k,03-2022
6,7,,,letringh2020,,Bộ quà + thẻ 50k,03-2022
7,8,,,2k9isthebest,,Bộ quà + thẻ 50k,03-2022
8,9,,,ohnonono,,Bộ quà + thẻ 50k,03-2022
9,10,,,nguyennam500,,Bộ quà + thẻ 50k,03-2022
10,11,,,anhnguyenff2008,,Bộ quà + thẻ 50k,03-2022
11,12,,,knguyn,,Bộ quà + thẻ 50k,03-2022
12,13,,,DungSenpai1412,,Bộ quà + thẻ 50k,03-2022
13,14,,,ndiep4320,,Bộ quà + thẻ 50k,03-2022
14,15,,,yewnhanhatthegioi,,Bộ quà + thẻ 50k,03-2022
15,16,,,parkchaeyoung18,,Bộ quà + thẻ 50k,03-2022
16,17,,,Raizel07,,Bộ quà + thẻ 50k,03-2022
17,18,,,hunghunghung,,Bộ quà + thẻ 50k,03-2022
18,19,,,kisibongdem,,Bộ quà + thẻ 50k,03-2022
19,20,,,520History,,Bộ quà + thẻ 50k,03-2022
20,21,,,Hikivision2006,,Bộ quà + thẻ 50k,03-2022
21,22,,,phamhoa338,,Bộ quà + thẻ 50k,03-2022
22,23,,,nguyenngocminhchau97,,Bộ quà + thẻ 50k,03-2022
23,24,,,doanduyanh,,Bộ quà + thẻ 50k,03-2022
24,25,,,Professionally,,Bộ quà + thẻ 50k,03-2022
25,26,,,pentane205,,Bộ quà + thẻ 50k,03-2022
26,27,,,ZnAlO2,,Bộ quà + thẻ 50k,03-2022
27,28,,,abcxzy,,Bộ quà + thẻ 50k,03-2022
28,29,,,funeuvu,,Bộ quà + thẻ 50k,03-2022
29,30,,,DoTrang2k8,,Bộ quà + thẻ 50k,03-2022
30,31,,,phamthanh83706,,Bộ quà + thẻ 50k,03-2022
31,32,,,linhhuongnguyen2006,,Bộ quà + thẻ 50k,03-2022
32,33,,,VanAnhk7,,Bộ quà + thẻ 50k,03-2022
33,34,,,chaeyoung123,,Bộ quà + thẻ 50k,03-2022
34,35,,,DnggAnn,,Bộ quà + thẻ 50k,03-2022
35,36,,,NguyenNgocVan9a1,,Bộ quà + thẻ 50k,03-2022
36,37,,,taomao331,,Bộ quà + thẻ 50k,03-2022
37,38,,,letranquynhtrang,,Bộ quà + thẻ 50k,03-2022
38,39,,,mymtnguyen1,,Bộ quà + thẻ 50k,03-2022
39,40,,,KhanhhLinhh07,,Bộ quà + thẻ 50k,03-2022
40,41,,,anpham181109,,Bộ quà + thẻ 50k,03-2022
41,42,,,MajiroSano,,Bộ quà + thẻ 50k,03-2022
42,43,,,meosimm4905k,,Bộ quà + thẻ 50k,03-2022
43,44,,,thoconthongminh,,Bộ quà + thẻ 50k,03-2022
44,45,,,chibana,,Bộ quà + thẻ 50k,03-2022
45,46,,,trilecongtri,,Bộ quà + thẻ 50k,03-2022
46,47,,,thanhnhan2007,,Bộ quà + thẻ 50k,03-2022
47,-,,,,,,03-2022
48,48,,,yanquinnkhongcoten,,Bộ quà + thẻ 50k,03-2022
49,49,,,baonamok114,,Bộ quà + thẻ 50k,03-2022
50,50,,,buikhanhchi237,,Bộ quà + thẻ 50k,03-2022
51,51,,,nghialemaiminh,,Bộ quà + thẻ 50k,03-2022
52,52,,,maianhle373,,Bộ quà + thẻ 50k,03-2022
53,53,,,chutuenhi114,,Bộ quà + thẻ 50k,03-2022
54,54,,,MayLee,,Bộ quà + thẻ 50k,03-2022
55,55,,,Thanh4356,,Bộ quà + thẻ 50k,03-2022
56,-,,,,,,03-2022
57,56,,,chutuenhi114,,Thẻ 50k + chứng nhận,03-2022
58,57,,,kocogidaunha,,Bộ quà + thẻ 50k,03-2022
59,58,,,Romalssi,,Bộ quà + thẻ 50k,03-2022
60,59,,,helik8,,Bộ quà + thẻ 50k,03-2022
61,60,,,nhatkt2007,,Bộ quà + thẻ 50k,03-2022
62,61,,,FreeDeLaHoya,,Bộ quà + thẻ 50k,03-2022
63,62,,,gane404,,Bộ quà + thẻ 50k,03-2022
64,63,,,filliallpiety,,Bộ quà + thẻ 50k,03-2022
65,64,,,Abaddon,,Bộ quà + thẻ 50k,03-2022
66,65,,,hoangviet2007,,Bộ quà + thẻ 50k,03-2022
67,66,,,phuonganh260409,,Bộ quà + thẻ 50k,03-2022
68,67,,,lamngocanh8061,,Bộ quà + thẻ 100k + chứng nhận,03-2022
69,68,,,Dorris,,Bộ quà + thẻ 50k,03-2022
70,69,,,thaohiennhuthang07,,Bộ quà + thẻ 50k,03-2022
71,70,,,kisibongdem,,Bộ quà + thẻ 50k,03-2022
72,71,,,letranquynhtrang,,Bộ quà + thẻ 50k,03-2022
73,72,,,weeihan,,Bộ quà + thẻ 50k,03-2022
74,73,,,nguyenthihongngocngoc,,Bộ quà + thẻ 50k,03-2022
75,74,,,ngocanh8a2hq,,Bộ quà + thẻ 50k,03-2022
76,75,,,chiukiuxiu,,Bộ quà + thẻ 50k,03-2022
77,76,,,nguyenvanquochieu,,Bộ quà + thẻ 50k,03-2022
78,77,,,tuandung269,,Bộ quà + thẻ 50k,03-2022
79,78,,,huyenndieuu10,,Bộ quà + thẻ 50k,03-2022
80,79,,,DucTrung0306,,Bộ quà + thẻ 50k,03-2022
81,80,,,phanquynhhoa,,Bộ quà + thẻ 50k,03-2022
82,81,,,Congchuahoahong,,Bộ quà + thẻ 50k,03-2022
83,82,,,White777,,Bộ quà + thẻ 50k,03-2022
84,83,,,holliwood,,Bộ quà + thẻ 50k,03-2022
85,84,,,Iruma0301,,Bộ quà + thẻ 50k,03-2022
86,85,,,NPC007,,Bộ quà + thẻ 50k,03-2022
87,86,,,yagamiakira,,Bộ quà + thẻ 50k,03-2022
88,87,,,KhanhHuyen3103,,Bộ quà + thẻ 50k,03-2022
0,1,,,StarBby1123,"22,985",Bộ quà + thẻ 100k,08-2022
1,2,,,Iruma0301,"18,610",Bộ quà + thẻ 50k,08-2022
2,3,,,Phuongfriendly,"17,290",Bộ quà + thẻ 50k,08-2022
3,4,,,DYNAMONSWORLD,"15,755",Bộ quà + thẻ 50k,08-2022
4,5,,,ntn2303,"15,500",Bộ quà + thẻ 50k,08-2022
5,6,,,VDung2008,"13,285",Bộ quà + thẻ 50k,08-2022
6,7,,,Shucutenhiulam,"12,935",Bộ quà + thẻ 50k,08-2022
7,8,,,White777,"12,785",Bộ quà + thẻ 50k,08-2022
8,9,,,Ativity,"12,385",Bộ quà + thẻ 50k,08-2022
9,10,,,Andanh070707,"11,820",Bộ quà + thẻ 50k,08-2022
10,11,,,Zashin,"11,788",Bộ quà + thẻ 50k,08-2022
11,12,,,owenly3,"10,800",Bộ quà + thẻ 50k,08-2022
12,13,,,ReiTaylor,"10,575",Bộ quà + thẻ 50k,08-2022
13,14,,,Nguthicogisai,"10,129",Bộ quà + thẻ 50k,08-2022
14,15,,,Kaitokid208,"10,027",Bộ quà + thẻ 50k,08-2022
15,16,,,pchi0802,"9,630",Bộ quà + thẻ 50k,08-2022
16,17,,,khanhly2009,"9,315",Bộ quà + thẻ 50k,08-2022
17,18,,,harryisthebest,"9,100",Bộ quà + thẻ 50k,08-2022
18,19,,,2472008,"8,860",Bộ quà + thẻ 50k,08-2022
19,20,,,trangnguyen340,"8,584",Bộ quà + thẻ 50k,08-2022
20,21,,,Chanksayhi,"8,545",Bộ quà + thẻ 50k,08-2022
21,22,,,vvv323,"10,010",Bộ quà + thẻ 50k,08-2022
22,23,,,nguyenngocminhchau97,"8,290",Bộ quà + thẻ 50k,08-2022
23,24,,,phamhoa338,"5,615",Bộ quà + thẻ 50k,08-2022
24,25,,,huylengend,"3,090",Bộ quà + thẻ 50k,08-2022
25,26,,,phatle64,"8,570",Bộ quà + thẻ 50k,08-2022
26,27,,,hunghonghot,"7,790",Bộ quà + thẻ 50k,08-2022
27,28,,,JustinaJayDHY,"7,610",Bộ quà + thẻ 50k,08-2022
28,29,,,Dominic,"6,860",Bộ quà + thẻ 50k,08-2022
29,30,,,nguyenminhbaochau46,"11,215",Bộ quà + thẻ 50k,08-2022
30,31,,,Victorier,"10,700",Bộ quà + thẻ 50k,08-2022
31,32,,,Jouska,"7,900",Bộ quà + thẻ 50k,08-2022
32,33,,,ZinnNee,"7,820",Bộ quà + thẻ 50k,08-2022
33,34,,,anhnguyenngoc823,"7,270",Bộ quà + thẻ 50k,08-2022
34,35,,,cam_cam,"7,100",Bộ quà + thẻ 50k,08-2022
35,36,,,OriannaJun,"6,535",Bộ quà + thẻ 50k,08-2022
36,37,,,khanhzi08,"5,825",Bộ quà + thẻ 50k,08-2022
37,38,,,themoonstarhk,"5,500",Bộ quà + thẻ 50k,08-2022
38,39,,,KhanhTram08,"5,465",Bộ quà + thẻ 50k,08-2022
39,40,,,FreedomWriters,"11,735",Bộ quà + thẻ 50k,08-2022
40,41,,,KiwiOvO,"9,775",Bộ quà + thẻ 50k,08-2022
41,42,,,ipadnghi,"7,055",Bộ quà + thẻ 50k,08-2022
42,43,,,hnkngan9208,"6,465",Bộ quà + thẻ 50k,08-2022
43,44,,,khanhle1,"5,895",Bộ quà + thẻ 50k,08-2022
44,45,,,chibana,"7,210",Bộ quà + thẻ 50k,08-2022
45,46,,,lamtruynguyet,"1,765",Bộ quà + thẻ 50k,08-2022
46,47,,,thanhnhan2007,"2,570",Bộ quà + thẻ 50k,08-2022
47,-,,,,,,08-2022
48,48,,,shamsiel,"4,175",Bộ quà + thẻ 50k,08-2022
49,49,,,Daoanhviet96,"1,840",Bộ quà + thẻ 50k,08-2022
50,50,,,nguyenducnhattt,"1,395",Bộ quà + thẻ 50k,08-2022
51,51,,,holliwood,"1,295",Bộ quà + thẻ 50k,08-2022
52,52,,,DotothyDaisy,"16,255",Bộ quà + thẻ 50k,08-2022
53,53,,,vudieuhang,"9,084",Bộ quà + thẻ 50k,08-2022
54,54,,,OrangeCam,"4,506",Bộ quà + thẻ 50k,08-2022
55,-,,,,,,08-2022
56,-,,,,,,08-2022
57,55,,,StarBby1123,"27,065",Thẻ 50k + chứng nhận,08-2022
58,56,,,hodienankhoa,"12,846",Bộ quà + thẻ 50k,08-2022
59,57,,,TrumMaths,"12,674",Bộ quà + thẻ 50k,08-2022
60,58,,,parkchaeyoung18,"10,494",Bộ quà + thẻ 50k,08-2022
61,59,,,HPHG347,"8,753",Bộ quà + thẻ 50k,08-2022
62,60,,,huynhanhduong12,"7,345",Bộ quà + thẻ 50k,08-2022
63,61,,,Phuongchi13,"7,216",Bộ quà + thẻ 50k,08-2022
64,62,,,trangbui116,"7,124",Bộ quà + thẻ 50k,08-2022
65,63,,,phamminhkhiem2k7,"6,416",Bộ quà + thẻ 50k,08-2022
66,64,,,Yau2k9,"6,333",Bộ quà + thẻ 50k,08-2022
67,65,,,nguyentam91,"5,478",Bộ quà + thẻ 50k,08-2022
68,66,,,anhnguyenngoc823,"14,121",Bộ quà + thẻ 100k + chứng nhận,08-2022
69,67,,,lamngocanh8061,"5,179",Bộ quà + thẻ 50k,08-2022
70,68,,,Iruma0301,"3,505",Bộ quà + thẻ 50k,08-2022
71,69,,,angnguyen779,"2,769",Bộ quà + thẻ 50k,08-2022
72,70,,,White777,"2,312",Bộ quà + thẻ 50k,08-2022
73,71,,,dtkc12110,"2,271",Bộ quà + thẻ 50k,08-2022
74,72,,,bangtann,"2,270",Bộ quà + thẻ 50k,08-2022
75,73,,,kisibongdem,"2,187",Bộ quà + thẻ 50k,08-2022
76,74,,,pchi0802,"2,149",Bộ quà + thẻ 50k,08-2022
77,75,,,lemona,"2,138",Bộ quà + thẻ 50k,08-2022
78,76,,,Professionally,"2,112",Bộ quà + thẻ 50k,08-2022
79,77,,,Armed06,"2,077",Bộ quà + thẻ 50k,08-2022
80,78,,,Baby123,"2,048",Bộ quà + thẻ 50k,08-2022
81,79,,,Apple347,"2,029",Bộ quà + thẻ 50k,08-2022
82,80,,,Olwen0703,"1,972",Bộ quà + thẻ 50k,08-2022
83,81,,,kieuyen826,"1,971",Bộ quà + thẻ 50k,08-2022
84,82,,,Dorris,"1,905",Bộ quà + thẻ 50k,08-2022
85,83,,,fairytail,"1,847",Bộ quà + thẻ 50k,08-2022
86,84,,,KhanhHuyen3103,"1,843",Bộ quà + thẻ 50k,08-2022
87,85,,,KhanhTram08,"1,824",Bộ quà + thẻ 50k,08-2022
0,1,Toán,Nhất,DYNAMONSWORLD,"13,455",Bộ quà + thẻ 100k,02-2023
1,2,Toán,Nhì,darkdarklmao123,"6,088",Bộ quà + thẻ 50k,02-2023
2,3,Toán,Ba,erik09,"5,645",Bộ quà + thẻ 50k,02-2023
3,4,Toán,4,Luonghong567,"5,350",Bộ quà + thẻ 50k,02-2023
4,5,Toán,5,2k10kaitokid,"4,970",Bộ quà + thẻ 50k,02-2023
5,6,Toán,6,toanyeuvanh,"4,925",Bộ quà + thẻ 50k,02-2023
6,7,Toán,7,ForeverishowIong,"4,860",Bộ quà + thẻ 50k,02-2023
7,8,Toán,8,Phuongfriendly,"4,735",Bộ quà + thẻ 50k,02-2023
8,9,Toán,9,chiminh0,"4,611",Bộ quà + thẻ 50k,02-2023
9,10,Toán,10,Yau2k9,"4,285",Bộ quà + thẻ 50k,02-2023
10,11,Toán,11,Romalssi,"4,235",Bộ quà + thẻ 50k,02-2023
11,12,Toán,12,duong612009,"4,165",Bộ quà + thẻ 50k,02-2023
12,13,Toán,13,nguyenchithanh0,"4,085",Bộ quà + thẻ 50k,02-2023
13,14,Toán,14,BadMood,"3,905",Bộ quà + thẻ 50k,02-2023
14,15,Toán,15,nhuy1382006,"3,885",Bộ quà + thẻ 50k,02-2023
15,16,Toán,16,mathOwO,"3,830",Bộ quà + thẻ 50k,02-2023
16,17,Toán,17,ThuyTiennCutii,"3,770",Bộ quà + thẻ 50k,02-2023
17,18,Toán,18,StarBby1123,"3,179",Bộ quà + thẻ 50k,02-2023
18,19,Toán,19,Katsuki2007,"2,880",Bộ quà + thẻ 50k,02-2023
19,20,Toán,20,Hinaka,"2,855",Bộ quà + thẻ 50k,02-2023
20,21,Toán,21,nguyengamkttt,"2,815",Bộ quà + thẻ 50k,02-2023
21,22,Lý,Nhất,Rain102,"3,420",Bộ quà + thẻ 50k,02-2023
22,23,Lý,Nhì,AurielaOvO,"2,405",Bộ quà + thẻ 50k,02-2023
23,24,Lý,Ba,vvv323,"2,300",Bộ quà + thẻ 50k,02-2023
24,25,Lý,4,nguyenngocminhchau97,"2,200",Bộ quà + thẻ 50k,02-2023
25,26,Hóa,Nhất,abcxzy,"14,070",Bộ quà + thẻ 50k,02-2023
26,27,Hóa,Nhì,trumhoahocc,"2,490",Bộ quà + thẻ 50k,02-2023
27,28,Hóa,Ba,TakahashiSatohTN,"2,400",Bộ quà + thẻ 50k,02-2023
28,29,Hóa,4,Fiammetta,"2,200",Bộ quà + thẻ 50k,02-2023
29,30,AV,Nhất,thaonguyeneakar2903,"18,075",Bộ quà + thẻ 50k,02-2023
30,31,AV,Nhì,nguyennhi2766,"13,382",Bộ quà + thẻ 50k,02-2023
31,32,AV,Ba,haniezz22,"7,790",Bộ quà + thẻ 50k,02-2023
32,33,AV,4,cremebrulee365,"3,165",Bộ quà + thẻ 50k,02-2023
33,34,AV,5,ruongojeseoho,"3,150",Bộ quà + thẻ 50k,02-2023
34,35,AV,6,hanguyen1247058,"2,650",Bộ quà + thẻ 50k,02-2023
35,36,AV,7,hodienankhoa,"2,075",Bộ quà + thẻ 50k,02-2023
36,37,AV,8,ZinnNee,"2,050",Bộ quà + thẻ 50k,02-2023
37,38,AV,9,duongnguyen3513,"1,555",Bộ quà + thẻ 50k,02-2023
38,39,AV,10,Ngandanh208,"1,480",Bộ quà + thẻ 50k,02-2023
39,40,Văn,Nhất,khoanguyen045,"3,410",Bộ quà + thẻ 50k,02-2023
40,41,Văn,Nhì,Chococo,"2,380",Bộ quà + thẻ 50k,02-2023
41,42,Văn,Ba,tuyetvu2,"2,220",Bộ quà + thẻ 50k,02-2023
42,43,Văn,4,haeyoon,"2,120",Bộ quà + thẻ 50k,02-2023
43,44,Văn,5,FreedomWriters,"2,015",Bộ quà + thẻ 50k,02-2023
44,45,Sinh,Nhất,chibana,"1,535",Bộ quà + thẻ 50k,02-2023
45,46,Sử,Nhất,lamtruynguyet,"2,000",Bộ quà + thẻ 50k,02-2023
46,47,Địa,Nhất,thomdang916,"2,850",Bộ quà + thẻ 50k,02-2023
47,48,GDCD,Nhất,Artemis189,"1,375",Bộ quà + thẻ 50k,02-2023
48,49,Tin,Nhất,hoanganhnguyen09302,"3,122",Bộ quà + thẻ 50k,02-2023
49,50,Tin,Nhì,shamsiel,"1,420",Bộ quà + thẻ 50k,02-2023
50,51,Tin,Ba,Daoanhviet96,"1,115",Bộ quà + thẻ 50k,02-2023
51,-,Công nghệ,Không ai đoạt giải,,,,02-2023
52,52,Nhạc họa,Nhất,HangFairy,"1,800",Bộ quà + thẻ 50k,02-2023
53,53,Nhạc họa,Nhì,JuuOvO,"1,760",Bộ quà + thẻ 50k,02-2023
54,54,Nhạc họa,Ba,Unnchan,"1,751",Bộ quà + thẻ 50k,02-2023
55,-,KHTN,Không ai đoạt giải,,,,02-2023
56,-,Sử & Địa,Không ai đoạt giải,,,,02-2023
57,-,Khác,Không ai đoạt giải,,,,02-2023
58,55,BĐHH,Nhất,DYNAMONSWORLD,"13,820",Thẻ 50k + chứng nhận,02-2023
59,56,BĐHH,Nhì,Anne15,"3,195",Bộ quà + thẻ 50k,02-2023
60,57,BĐHH,Ba,ChieyewCucCuk,"3,140",Bộ quà + thẻ 50k,02-2023
61,58,BĐHH,4,haylocactinhyeu,"2,553",Bộ quà + thẻ 50k,02-2023
62,59,BĐHH,5,Longhack1805,"2,433",Bộ quà + thẻ 50k,02-2023
63,60,BĐHH,6,trangnguyen8451,"2,335",Bộ quà + thẻ 50k,02-2023
64,61,BĐHH,7,nhungankorea,"2,180",Bộ quà + thẻ 50k,02-2023
65,62,BĐHH,8,khoidao5,"1,934",Bộ quà + thẻ 50k,02-2023
66,63,BĐHH,9,NaeOvO,"1,820",Bộ quà + thẻ 50k,02-2023
67,64,BĐHH,10,MaidettiniOwO,"1,800",Bộ quà + thẻ 50k,02-2023
68,65,BĐHH,11,Pngann,"1,515",Bộ quà + thẻ 50k,02-2023
69,66,Mod,Nhất,QuangUwU,"7,962",Bộ quà + thẻ 100k + chứng nhận,02-2023
70,67,Mod,Nhì,lamngocanh8061,"7,359",Bộ quà + thẻ 50k,02-2023
71,68,Mod,Ba,Phuongfriendly,"2,311",Bộ quà + thẻ 50k,02-2023
72,69,Mod,4,yagamiakira,"2,037",Bộ quà + thẻ 50k,02-2023
73,70,Mod,5,andybao2007,"1,898",Bộ quà + thẻ 50k,02-2023
74,71,Mod,6,White777,"1,825",Bộ quà + thẻ 50k,02-2023
75,72,Mod,7,dtkc12110,"1,823",Bộ quà + thẻ 50k,02-2023
76,73,Mod,8,kieuyen826,"1,802",Bộ quà + thẻ 50k,02-2023
77,74,Mod,9,DnggAnn,"1,204",Bộ quà + thẻ 50k,02-2023
78,75,Mod,10,vuongthanhy07,"1,085",Bộ quà + thẻ 50k,02-2023
79,76,Mod,11,baotienayunpa,"1,020",Bộ quà + thẻ 50k,02-2023
80,77,Mod,12,Romalssi,"1,007",Bộ quà + thẻ 50k,02-2023
0,1,,,2k10kaitokid,"15,240",Bộ quà + thẻ 100k,03-2023
1,2,,,DYNAMONSWORLD,"12,370",Bộ quà + thẻ 50k,03-2023
2,3,,,Phuongfriendly,"10,910",Bộ quà + thẻ 50k,03-2023
3,4,,,phungducanh97,"7,540",Bộ quà + thẻ 50k,03-2023
4,5,,,RonaldoDeLimaVN,"4,964",Bộ quà + thẻ 50k,03-2023
5,6,,,Hinaka,"4,590",Bộ quà + thẻ 50k,03-2023
6,7,,,duong612009,"4,590",Bộ quà + thẻ 50k,03-2023
7,8,,,Ponster208,"4,275",Bộ quà + thẻ 50k,03-2023
8,9,,,FanManchesterUnited,"4,225",Bộ quà + thẻ 50k,03-2023
9,10,,,erik09,"4,160",Bộ quà + thẻ 50k,03-2023
10,11,,,nhuy1382006,"4,040",Bộ quà + thẻ 50k,03-2023
11,12,,,lamanhoanhan2008,"3,985",Bộ quà + thẻ 50k,03-2023
12,13,,,Luonghong567,"3,565",Bộ quà + thẻ 50k,03-2023
13,14,,,chiminh0,"3,490",Bộ quà + thẻ 50k,03-2023
14,15,,,FreeDeLaHoya,"3,345",Bộ quà + thẻ 50k,03-2023
15,16,,,NEVENKEBLA,"3,015",Bộ quà + thẻ 50k,03-2023
16,17,,,Lovemath123,"2,940",Bộ quà + thẻ 50k,03-2023
17,18,,,nguyenthingocanh2k12,"2,940",Bộ quà + thẻ 50k,03-2023
18,19,,,toanyeuvanh,"2,935",Bộ quà + thẻ 50k,03-2023
19,20,,,trangnguyen8451,"2,870",Bộ quà + thẻ 50k,03-2023
20,21,,,nghaiduong,"2,855",Bộ quà + thẻ 50k,03-2023
21,22,,,AurielaOvO,"3,435",Bộ quà + thẻ 50k,03-2023
22,23,,,loan52784,"3,145",Bộ quà + thẻ 50k,03-2023
23,24,,,vvv323,"2,530",Bộ quà + thẻ 50k,03-2023
24,25,,,Rain102,"1,370",Bộ quà + thẻ 50k,03-2023
25,26,,,abcxzy,"17,655",Bộ quà + thẻ 50k,03-2023
26,27,,,ntbhann,"7,657",Bộ quà + thẻ 50k,03-2023
27,28,,,TakahashiSatohTN,"6,910",Bộ quà + thẻ 50k,03-2023
28,29,,,nguyennam94197,"4,110",Bộ quà + thẻ 50k,03-2023
29,30,,,nguyennhi2766,"13,255",Bộ quà + thẻ 50k,03-2023
30,31,,,haniezz22,"7,535",Bộ quà + thẻ 50k,03-2023
31,32,,,KevinInlervin,"5,950",Bộ quà + thẻ 50k,03-2023
32,33,,,thaonguyeneakar2903,"5,885",Bộ quà + thẻ 50k,03-2023
33,34,,,cam_cam,"5,420",Bộ quà + thẻ 50k,03-2023
34,35,,,hodienankhoa,"3,180",Bộ quà + thẻ 50k,03-2023
35,36,,,ruongojeseoho,"3,160",Bộ quà + thẻ 50k,03-2023
36,37,,,huonggiangtong,"3,088",Bộ quà + thẻ 50k,03-2023
37,38,,,hanguyen1247058,"2,840",Bộ quà + thẻ 50k,03-2023
38,39,,,RicardoTrivelaKa09,"2,640",Bộ quà + thẻ 50k,03-2023
39,40,,,FreedomWriters,"5,855",Bộ quà + thẻ 50k,03-2023
40,41,,,hhkmhhjm,"3,175",Bộ quà + thẻ 50k,03-2023
41,42,,,hungbui52718,"2,930",Bộ quà + thẻ 50k,03-2023
42,43,,,anhthuminhthu04,"2,000",Bộ quà + thẻ 50k,03-2023
43,44,,,trangnguyen8451,"1,960",Bộ quà + thẻ 50k,03-2023
44,45,,,chibana,"1,535",Bộ quà + thẻ 50k,03-2023
45,46,,,Historians,"2,785",Bộ quà + thẻ 50k,03-2023
46,47,,,DatVuMinh236,"1,485",Bộ quà + thẻ 50k,03-2023
47,48,,,Doraemillk323,"1,485",Bộ quà + thẻ 50k,03-2023
48,49,,,hoanganhnguyen09302,"3,555",Bộ quà + thẻ 50k,03-2023
49,50,,,Daoanhviet96,"1,920",Bộ quà + thẻ 50k,03-2023
50,51,,,shamsiel,"1,235",Bộ quà + thẻ 50k,03-2023
51,52,,,babyboyyy,"2,015",Bộ quà + thẻ 50k,03-2023
52,53,,,CucCukday,"1,820",Bộ quà + thẻ 50k,03-2023
53,54,,,JuuOvO,"1,440",Bộ quà + thẻ 50k,03-2023
54,55,,,NaeOvO,"1,426",Bộ quà + thẻ 50k,03-2023
55,56,,,QuangHuy925,"1,245",Bộ quà + thẻ 50k,03-2023
56,57,,,lebao31,"2,200",Bộ quà + thẻ 50k,03-2023
57,-,,,,,,03-2023
58,58,,,abcxzy,"18,695",Thẻ 50k + chứng nhận,03-2023
59,59,,,Fiammetta,"4,995",Bộ quà + thẻ 50k,03-2023
60,60,,,BadMood,"2,970",Bộ quà + thẻ 50k,03-2023
61,61,,,haylocactinhyeu,"2,895",Bộ quà + thẻ 50k,03-2023
62,62,,,ChieyewCucCuk,"2,680",Bộ quà + thẻ 50k,03-2023
63,63,,,Yau2k9,"2,605",Bộ quà + thẻ 50k,03-2023
64,64,,,Pngann,"2,560",Bộ quà + thẻ 50k,03-2023
65,65,,,nguyenthuy1810,"2,373",Bộ quà + thẻ 50k,03-2023
66,66,,,nguyenngan4028,"2,296",Bộ quà + thẻ 50k,03-2023
67,67,,,MaidettiniOwO,"2,175",Bộ quà + thẻ 50k,03-2023
68,68,,,Ativity,"2,030",Bộ quà + thẻ 50k,03-2023
69,69,,,Phuongfriendly,"4,866",Bộ quà + thẻ 100k + chứng nhận,03-2023
70,70,,,yagamiakira,"3,261",Bộ quà + thẻ 50k,03-2023
71,71,,,lamngocanh8061,"2,911",Bộ quà + thẻ 50k,03-2023
72,72,,,Hellotamday,"2,720",Bộ quà + thẻ 50k,03-2023
73,73,,,andybao2007,"2,626",Bộ quà + thẻ 50k,03-2023
74,74,,,Congchuahoahong,"1,882",Bộ quà + thẻ 50k,03-2023
75,75,,,QuangUwU,"1,837",Bộ quà + thẻ 50k,03-2023
76,76,,,KhanhHuyen3103,"1,819",Bộ quà + thẻ 50k,03-2023
77,77,,,kieuyen826,"1,819",Bộ quà + thẻ 50k,03-2023
78,78,,,baotienayunpa,"1,688",Bộ quà + thẻ 50k,03-2023
79,79,,,DnggAnn,"1,667",Bộ quà + thẻ 50k,03-2023
80,80,,,anhnguyenngoc823,"1,519",Bộ quà + thẻ 50k,03-2023
81,81,,,buicovenduong,"1,377",Bộ quà + thẻ 50k,03-2023
82,82,,,pchi0802,"1,325",Bộ quà + thẻ 50k,03-2023
83,83,,,vuongthanhy07,"1,263",Bộ quà + thẻ 50k,03-2023
84,84,,,angnguyen779,"1,228",Bộ quà + thẻ 50k,03-2023
85,85,,,tuituy,"1,213",Bộ quà + thẻ 50k,03-2023
86,86,,,Tsuyuri,"1,191",Bộ quà + thẻ 50k,03-2023
87,87,,,Iruma0301,"1,150",Bộ quà + thẻ 50k,03-2023
88,88,,,tuandung269,"1,059",Bộ quà + thẻ 50k,03-2023
